"timestamp","url","status","content_type","local_file","message"
"2026-05-10 11:46:12","https://app.ultralibrarian.com/content/help/kicad-6_0.htm","success","markdown","C:\KICAD_SCRAPE\ingest_v2\markdown\url_000001-app.ultralibrarian.com-content-help-kicad-6_0.htm-dbda846fa4.md","html_converted_to_markdown"
"2026-05-10 11:46:14","https://assets.nexperia.com/documents/application-note/AN11622.pdf","success","pdf","C:\KICAD_SCRAPE\ingest_v2\pdf\url_000002-assets.nexperia.com-documents-application-note-AN11622.pdf-f987dfddb6.pdf","pdf_extracted_python_pypdf"
"2026-05-10 11:46:21","https://assets.nexperia.com/documents/application-note/AN90011.pdf","success","pdf","C:\KICAD_SCRAPE\ingest_v2\pdf\url_000003-assets.nexperia.com-documents-application-note-AN90011.pdf-8a9745fda1.pdf","pdf_extracted_python_pypdf"
"2026-05-10 11:46:52","https://datasheets.raspberrypi.com/rp2040/rp2040-datasheet.pdf","success","pdf","C:\KICAD_SCRAPE\ingest_v2\pdf\url_000004-datasheets.raspberrypi.com-rp2040-rp2040-datasheet.pdf-542206760e.pdf","pdf_extracted_python_pypdf"
"2026-05-10 11:47:48","https://datasheets.raspberrypi.com/rp2350/rp2350-datasheet.pdf","success","pdf","C:\KICAD_SCRAPE\ingest_v2\pdf\url_000005-datasheets.raspberrypi.com-rp2350-rp2350-datasheet.pdf-5b0e552902.pdf","pdf_extracted_python_pypdf"
"2026-05-10 11:47:50","https://dev-docs.kicad.org/en/apis-and-binding/index.html","success","markdown","C:\KICAD_SCRAPE\ingest_v2\markdown\url_000006-dev-docs.kicad.org-en-apis-and-binding-index.html-216b0eddd3.md","html_converted_to_markdown"
"2026-05-10 11:47:51","https://dev-docs.kicad.org/en/apis-and-binding/ipc-api/for-addon-developers/index.html","success","markdown","C:\KICAD_SCRAPE\ingest_v2\markdown\url_000007-dev-docs.kicad.org-en-apis-and-binding-ipc-api-for-addon-developers-index.html-f5c58d835d.md","html_converted_to_markdown"
"2026-05-10 11:47:52","https://dev-docs.kicad.org/en/apis-and-binding/ipc-api/for-kicad-developers/index.html","success","markdown","C:\KICAD_SCRAPE\ingest_v2\markdown\url_000008-dev-docs.kicad.org-en-apis-and-binding-ipc-api-for-kicad-developers-index.html-477c97fc4f.md","html_converted_to_markdown"
"2026-05-10 11:47:53","https://dev-docs.kicad.org/en/apis-and-binding/ipc-api/index.html","success","markdown","C:\KICAD_SCRAPE\ingest_v2\markdown\url_000009-dev-docs.kicad.org-en-apis-and-binding-ipc-api-index.html-dd026118da.md","html_converted_to_markdown"
"2026-05-10 11:47:55","https://dev-docs.kicad.org/en/apis-and-binding/pcbnew/index.html","success","markdown","C:\KICAD_SCRAPE\ingest_v2\markdown\url_000010-dev-docs.kicad.org-en-apis-and-binding-pcbnew-index.html-f5b4f9d587.md","html_converted_to_markdown"
"2026-05-10 11:47:56","https://dev-docs.kicad.org/en/file-formats/index.html","success","markdown","C:\KICAD_SCRAPE\ingest_v2\markdown\url_000011-dev-docs.kicad.org-en-file-formats-index.html-c9f0168308.md","html_converted_to_markdown"
"2026-05-10 11:47:57","https://dev-docs.kicad.org/en/file-formats/sexpr-footprint/index.html","success","markdown","C:\KICAD_SCRAPE\ingest_v2\markdown\url_000012-dev-docs.kicad.org-en-file-formats-sexpr-footprint-index.html-5313a1dd27.md","html_converted_to_markdown"
"2026-05-10 11:47:59","https://dev-docs.kicad.org/en/file-formats/sexpr-intro/index.html","success","markdown","C:\KICAD_SCRAPE\ingest_v2\markdown\url_000013-dev-docs.kicad.org-en-file-formats-sexpr-intro-index.html-f89643744c.md","html_converted_to_markdown"
"2026-05-10 11:48:00","https://dev-docs.kicad.org/en/file-formats/sexpr-pcb/index.html","success","markdown","C:\KICAD_SCRAPE\ingest_v2\markdown\url_000014-dev-docs.kicad.org-en-file-formats-sexpr-pcb-index.html-8913ad822c.md","html_converted_to_markdown"
"2026-05-10 11:48:01","https://dev-docs.kicad.org/en/file-formats/sexpr-schematic/index.html","success","markdown","C:\KICAD_SCRAPE\ingest_v2\markdown\url_000015-dev-docs.kicad.org-en-file-formats-sexpr-schematic-index.html-4309cee8af.md","html_converted_to_markdown"
"2026-05-10 11:48:04","https://docs.arduino.cc/hardware/giga-r1-wifi","success","markdown","C:\KICAD_SCRAPE\ingest_v2\markdown\url_000016-docs.arduino.cc-hardware-giga-r1-wifi-1e7c570351.md","html_converted_to_markdown"
"2026-05-10 11:48:06","https://docs.arduino.cc/hardware/nano-esp32","success","markdown","C:\KICAD_SCRAPE\ingest_v2\markdown\url_000017-docs.arduino.cc-hardware-nano-esp32-b996b14a16.md","html_converted_to_markdown"
"2026-05-10 11:48:07","https://docs.arduino.cc/hardware/nano-rp2040-connect","success","markdown","C:\KICAD_SCRAPE\ingest_v2\markdown\url_000018-docs.arduino.cc-hardware-nano-rp2040-connect-caee2a353e.md","html_converted_to_markdown"
"2026-05-10 11:48:09","https://docs.arduino.cc/hardware/portenta-h7","success","markdown","C:\KICAD_SCRAPE\ingest_v2\markdown\url_000019-docs.arduino.cc-hardware-portenta-h7-c70d264c6f.md","html_converted_to_markdown"
"2026-05-10 11:48:11","https://docs.arduino.cc/hardware/uno-r4-wifi","success","markdown","C:\KICAD_SCRAPE\ingest_v2\markdown\url_000020-docs.arduino.cc-hardware-uno-r4-wifi-8502a407db.md","html_converted_to_markdown"
"2026-05-10 11:48:17","https://docs.easyeda.com/en/Import/Import-KiCAD","success","markdown","C:\KICAD_SCRAPE\ingest_v2\markdown\url_000021-docs.easyeda.com-en-Import-Import-KiCAD-b37bb0e396.md","html_converted_to_markdown"
"2026-05-10 11:48:19","https://docs.espressif.com/projects/esp-hardware-design-guidelines/en/latest/esp32/index.html","success","markdown","C:\KICAD_SCRAPE\ingest_v2\markdown\url_000022-docs.espressif.com-projects-esp-hardware-design-guidelines-en-latest-esp32-index.html-1804cc8141.md","html_converted_to_markdown"
"2026-05-10 11:48:21","https://docs.espressif.com/projects/esp-hardware-design-guidelines/en/latest/esp32c3/index.html","success","markdown","C:\KICAD_SCRAPE\ingest_v2\markdown\url_000023-docs.espressif.com-projects-esp-hardware-design-guidelines-en-latest-esp32c3-index.html-640344686a.md","html_converted_to_markdown"
"2026-05-10 11:48:22","https://docs.espressif.com/projects/esp-hardware-design-guidelines/en/latest/esp32c6/index.html","success","markdown","C:\KICAD_SCRAPE\ingest_v2\markdown\url_000024-docs.espressif.com-projects-esp-hardware-design-guidelines-en-latest-esp32c6-index.html-49487511bf.md","html_converted_to_markdown"
"2026-05-10 11:48:24","https://docs.espressif.com/projects/esp-hardware-design-guidelines/en/latest/esp32h2/index.html","success","markdown","C:\KICAD_SCRAPE\ingest_v2\markdown\url_000025-docs.espressif.com-projects-esp-hardware-design-guidelines-en-latest-esp32h2-index.html-628dbf9480.md","html_converted_to_markdown"
"2026-05-10 11:48:25","https://docs.espressif.com/projects/esp-hardware-design-guidelines/en/latest/esp32p4/index.html","success","markdown","C:\KICAD_SCRAPE\ingest_v2\markdown\url_000026-docs.espressif.com-projects-esp-hardware-design-guidelines-en-latest-esp32p4-index.html-5b26d62c7d.md","html_converted_to_markdown"
"2026-05-10 11:48:27","https://docs.espressif.com/projects/esp-hardware-design-guidelines/en/latest/esp32s3/download-guidelines.html","success","markdown","C:\KICAD_SCRAPE\ingest_v2\markdown\url_000027-docs.espressif.com-projects-esp-hardware-design-guidelines-en-latest-esp32s3-download-guidelines.html-d780942248.md","html_converted_to_markdown"
"2026-05-10 11:48:28","https://docs.espressif.com/projects/esp-hardware-design-guidelines/en/latest/esp32s3/index.html","success","markdown","C:\KICAD_SCRAPE\ingest_v2\markdown\url_000028-docs.espressif.com-projects-esp-hardware-design-guidelines-en-latest-esp32s3-index.html-361c5f9886.md","html_converted_to_markdown"
"2026-05-10 11:48:30","https://docs.espressif.com/projects/esp-hardware-design-guidelines/en/latest/esp32s3/pcb-layout-design.html","success","markdown","C:\KICAD_SCRAPE\ingest_v2\markdown\url_000029-docs.espressif.com-projects-esp-hardware-design-guidelines-en-latest-esp32s3-pcb-layout-design.html-52d50e6add.md","html_converted_to_markdown"
"2026-05-10 11:48:32","https://docs.espressif.com/projects/esp-hardware-design-guidelines/en/latest/esp32s3/schematic-checklist.html","success","markdown","C:\KICAD_SCRAPE\ingest_v2\markdown\url_000030-docs.espressif.com-projects-esp-hardware-design-guidelines-en-latest-esp32s3-schematic-checklist.html-c5f06f9858.md","html_converted_to_markdown"
"2026-05-10 11:48:34","https://docs.espressif.com/projects/esp-hardware-design-guidelines/en/latest/index.html","success","markdown","C:\KICAD_SCRAPE\ingest_v2\markdown\url_000031-docs.espressif.com-projects-esp-hardware-design-guidelines-en-latest-index.html-c9789df5c2.md","html_converted_to_markdown"
"2026-05-10 11:48:35","https://docs.espressif.com/projects/esp-idf/en/latest/esp32s3/api-guides/usb-otg-console.html","success","markdown","C:\KICAD_SCRAPE\ingest_v2\markdown\url_000032-docs.espressif.com-projects-esp-idf-en-latest-esp32s3-api-guides-usb-otg-console.html-6a6daab5d9.md","html_converted_to_markdown"
"2026-05-10 11:48:38","https://docs.espressif.com/projects/esp-idf/en/latest/esp32s3/api-reference/peripherals/gpio.html","success","markdown","C:\KICAD_SCRAPE\ingest_v2\markdown\url_000033-docs.espressif.com-projects-esp-idf-en-latest-esp32s3-api-reference-peripherals-gpio.html-5a715520a1.md","html_converted_to_markdown"
"2026-05-10 11:48:40","https://docs.espressif.com/projects/esp-idf/en/latest/esp32s3/api-reference/peripherals/i2c.html","success","markdown","C:\KICAD_SCRAPE\ingest_v2\markdown\url_000034-docs.espressif.com-projects-esp-idf-en-latest-esp32s3-api-reference-peripherals-i2c.html-9911a170f9.md","html_converted_to_markdown"
"2026-05-10 11:48:43","https://docs.espressif.com/projects/esp-idf/en/latest/esp32s3/api-reference/peripherals/spi_master.html","success","markdown","C:\KICAD_SCRAPE\ingest_v2\markdown\url_000035-docs.espressif.com-projects-esp-idf-en-latest-esp32s3-api-reference-peripherals-spi_master.html-231a5f86ca.md","html_converted_to_markdown"
"2026-05-10 11:48:45","https://docs.espressif.com/projects/esp-idf/en/latest/esp32s3/api-reference/peripherals/twai.html","success","markdown","C:\KICAD_SCRAPE\ingest_v2\markdown\url_000036-docs.espressif.com-projects-esp-idf-en-latest-esp32s3-api-reference-peripherals-twai.html-c58c1015d7.md","html_converted_to_markdown"
"2026-05-10 11:48:47","https://docs.espressif.com/projects/esp-idf/en/latest/esp32s3/api-reference/peripherals/uart.html","success","markdown","C:\KICAD_SCRAPE\ingest_v2\markdown\url_000037-docs.espressif.com-projects-esp-idf-en-latest-esp32s3-api-reference-peripherals-uart.html-0983174b78.md","html_converted_to_markdown"
"2026-05-10 11:48:48","https://docs.espressif.com/projects/esp-idf/en/latest/esp32s3/api-reference/peripherals/usb_device.html","success","markdown","C:\KICAD_SCRAPE\ingest_v2\markdown\url_000038-docs.espressif.com-projects-esp-idf-en-latest-esp32s3-api-reference-peripherals-usb_device.html-3e40d15706.md","html_converted_to_markdown"
"2026-05-10 11:48:50","https://docs.espressif.com/projects/esp-idf/en/latest/esp32s3/hw-reference/index.html","success","markdown","C:\KICAD_SCRAPE\ingest_v2\markdown\url_000039-docs.espressif.com-projects-esp-idf-en-latest-esp32s3-hw-reference-index.html-07904d3ff8.md","html_converted_to_markdown"
"2026-05-10 11:48:51","https://docs.espressif.com/projects/esp-idf/en/latest/esp32s3/index.html","success","markdown","C:\KICAD_SCRAPE\ingest_v2\markdown\url_000040-docs.espressif.com-projects-esp-idf-en-latest-esp32s3-index.html-10eb73394e.md","html_converted_to_markdown"
"2026-05-10 11:48:53","https://docs.espressif.com/projects/esptool/en/latest/esp32s3/index.html","success","markdown","C:\KICAD_SCRAPE\ingest_v2\markdown\url_000041-docs.espressif.com-projects-esptool-en-latest-esp32s3-index.html-833e34b00d.md","html_converted_to_markdown"
"2026-05-10 11:48:55","https://docs.kicad.org/","success","markdown","C:\KICAD_SCRAPE\ingest_v2\markdown\url_000042-docs.kicad.org-index-ac8af7774a.md","html_converted_to_markdown"
"2026-05-10 11:48:57","https://docs.kicad.org/9.0/en/cli/cli.html","success","markdown","C:\KICAD_SCRAPE\ingest_v2\markdown\url_000043-docs.kicad.org-9.0-en-cli-cli.html-ad5d0d8754.md","html_converted_to_markdown"
"2026-05-10 11:49:00","https://docs.kicad.org/9.0/en/eeschema/eeschema.html","success","markdown","C:\KICAD_SCRAPE\ingest_v2\markdown\url_000044-docs.kicad.org-9.0-en-eeschema-eeschema.html-c022a21b9a.md","html_converted_to_markdown"
"2026-05-10 11:49:02","https://docs.kicad.org/9.0/en/gerbview/gerbview.html","success","markdown","C:\KICAD_SCRAPE\ingest_v2\markdown\url_000045-docs.kicad.org-9.0-en-gerbview-gerbview.html-ef64559c00.md","html_converted_to_markdown"
"2026-05-10 11:49:03","https://docs.kicad.org/9.0/en/getting_started_in_kicad/getting_started_in_kicad.html","success","markdown","C:\KICAD_SCRAPE\ingest_v2\markdown\url_000046-docs.kicad.org-9.0-en-getting_started_in_kicad-getting_started_in_kicad.html-e5d33808b5.md","html_converted_to_markdown"
"2026-05-10 11:49:05","https://docs.kicad.org/9.0/en/kicad/kicad.html","success","markdown","C:\KICAD_SCRAPE\ingest_v2\markdown\url_000047-docs.kicad.org-9.0-en-kicad-kicad.html-14d79692cf.md","html_converted_to_markdown"
"2026-05-10 11:49:06","https://docs.kicad.org/9.0/en/pcb_calculator/pcb_calculator.html","success","markdown","C:\KICAD_SCRAPE\ingest_v2\markdown\url_000048-docs.kicad.org-9.0-en-pcb_calculator-pcb_calculator.html-d2201719c2.md","html_converted_to_markdown"
"2026-05-10 11:49:10","https://docs.kicad.org/9.0/en/pcbnew/pcbnew.html","success","markdown","C:\KICAD_SCRAPE\ingest_v2\markdown\url_000049-docs.kicad.org-9.0-en-pcbnew-pcbnew.html-e431a7f7f2.md","html_converted_to_markdown"
"2026-05-10 11:49:11","https://docs.kicad.org/doxygen-python-9.0","success","markdown","C:\KICAD_SCRAPE\ingest_v2\markdown\url_000050-docs.kicad.org-doxygen-python-9.0-24bfada911.md","html_converted_to_markdown"
"2026-05-10 11:49:14","https://docs.kicad.org/doxygen-python-9.0/classpcbnew_1_1BOARD.html","success","markdown","C:\KICAD_SCRAPE\ingest_v2\markdown\url_000051-docs.kicad.org-doxygen-python-9.0-classpcbnew_1_1BOARD.html-8d7f4d9c49.md","html_converted_to_markdown"
"2026-05-10 11:49:16","https://docs.kicad.org/doxygen-python-9.0/classpcbnew_1_1FOOTPRINT.html","success","markdown","C:\KICAD_SCRAPE\ingest_v2\markdown\url_000052-docs.kicad.org-doxygen-python-9.0-classpcbnew_1_1FOOTPRINT.html-00d9a06870.md","html_converted_to_markdown"
"2026-05-10 11:49:18","https://docs.kicad.org/doxygen-python-9.0/classpcbnew_1_1PAD.html","success","markdown","C:\KICAD_SCRAPE\ingest_v2\markdown\url_000053-docs.kicad.org-doxygen-python-9.0-classpcbnew_1_1PAD.html-6c99b4c049.md","html_converted_to_markdown"
"2026-05-10 11:49:19","https://docs.kicad.org/doxygen-python-9.0/classpcbnew_1_1PCB__TRACK.html","success","markdown","C:\KICAD_SCRAPE\ingest_v2\markdown\url_000054-docs.kicad.org-doxygen-python-9.0-classpcbnew_1_1PCB__TRACK.html-2cb79cb0d8.md","html_converted_to_markdown"
"2026-05-10 11:49:21","https://docs.kicad.org/doxygen-python-9.0/classpcbnew_1_1PCB__VIA.html","success","markdown","C:\KICAD_SCRAPE\ingest_v2\markdown\url_000055-docs.kicad.org-doxygen-python-9.0-classpcbnew_1_1PCB__VIA.html-f41fc291f8.md","html_converted_to_markdown"
"2026-05-10 11:49:23","https://docs.kicad.org/doxygen-python-9.0/classpcbnew_1_1ZONE.html","success","markdown","C:\KICAD_SCRAPE\ingest_v2\markdown\url_000056-docs.kicad.org-doxygen-python-9.0-classpcbnew_1_1ZONE.html-54f2e5d990.md","html_converted_to_markdown"
"2026-05-10 11:49:25","https://docs.kicad.org/kicad-python-main/kicad.html","success","markdown","C:\KICAD_SCRAPE\ingest_v2\markdown\url_000057-docs.kicad.org-kicad-python-main-kicad.html-2f14c4e63c.md","html_converted_to_markdown"
"2026-05-10 11:49:26","https://docs.kicad.org/kicad-python-main/pcbnew.html","failed","","","The remote server returned an error: (404) Not Found."
"2026-05-10 11:49:27","https://docs.oshpark.com/design-tools/gerbv","success","markdown","C:\KICAD_SCRAPE\ingest_v2\markdown\url_000059-docs.oshpark.com-design-tools-gerbv-25168c6e58.md","html_converted_to_markdown"
"2026-05-10 11:49:28","https://docs.oshpark.com/design-tools/kicad","success","markdown","C:\KICAD_SCRAPE\ingest_v2\markdown\url_000060-docs.oshpark.com-design-tools-kicad-93df85f45c.md","html_converted_to_markdown"
"2026-05-10 11:49:30","https://docs.oshpark.com/services/flex","success","markdown","C:\KICAD_SCRAPE\ingest_v2\markdown\url_000061-docs.oshpark.com-services-flex-b130864644.md","html_converted_to_markdown"
"2026-05-10 11:49:31","https://docs.oshpark.com/services/four-layer","success","markdown","C:\KICAD_SCRAPE\ingest_v2\markdown\url_000062-docs.oshpark.com-services-four-layer-dd5d5ba33a.md","html_converted_to_markdown"
"2026-05-10 11:49:32","https://docs.oshpark.com/services/two-layer","success","markdown","C:\KICAD_SCRAPE\ingest_v2\markdown\url_000063-docs.oshpark.com-services-two-layer-3b8127f446.md","html_converted_to_markdown"
"2026-05-10 11:49:33","https://docs.oshpark.com/troubleshooting","success","markdown","C:\KICAD_SCRAPE\ingest_v2\markdown\url_000064-docs.oshpark.com-troubleshooting-9a35a8271c.md","html_converted_to_markdown"
"2026-05-10 11:49:35","https://electronics.stackexchange.com/questions/tagged/antenna","success","markdown","C:\KICAD_SCRAPE\ingest_v2\markdown\url_000065-electronics.stackexchange.com-questions-tagged-antenna-38a52f4aae.md","html_converted_to_markdown"
"2026-05-10 11:49:37","https://electronics.stackexchange.com/questions/tagged/emc","success","markdown","C:\KICAD_SCRAPE\ingest_v2\markdown\url_000066-electronics.stackexchange.com-questions-tagged-emc-f61d840611.md","html_converted_to_markdown"
"2026-05-10 11:49:39","https://electronics.stackexchange.com/questions/tagged/emi","success","markdown","C:\KICAD_SCRAPE\ingest_v2\markdown\url_000067-electronics.stackexchange.com-questions-tagged-emi-054aa31a3b.md","html_converted_to_markdown"
"2026-05-10 11:49:41","https://electronics.stackexchange.com/questions/tagged/esp32","success","markdown","C:\KICAD_SCRAPE\ingest_v2\markdown\url_000068-electronics.stackexchange.com-questions-tagged-esp32-7982b269ca.md","html_converted_to_markdown"
"2026-05-10 11:49:43","https://electronics.stackexchange.com/questions/tagged/grounding","success","markdown","C:\KICAD_SCRAPE\ingest_v2\markdown\url_000069-electronics.stackexchange.com-questions-tagged-grounding-db362c87b9.md","html_converted_to_markdown"
"2026-05-10 11:49:44","https://electronics.stackexchange.com/questions/tagged/ground-plane","success","markdown","C:\KICAD_SCRAPE\ingest_v2\markdown\url_000070-electronics.stackexchange.com-questions-tagged-ground-plane-463ff8db83.md","html_converted_to_markdown"
"2026-05-10 11:49:46","https://electronics.stackexchange.com/questions/tagged/kicad","success","markdown","C:\KICAD_SCRAPE\ingest_v2\markdown\url_000071-electronics.stackexchange.com-questions-tagged-kicad-32e3d364f3.md","html_converted_to_markdown"
"2026-05-10 11:49:48","https://electronics.stackexchange.com/questions/tagged/pcb","success","markdown","C:\KICAD_SCRAPE\ingest_v2\markdown\url_000072-electronics.stackexchange.com-questions-tagged-pcb-5c0f9c3399.md","html_converted_to_markdown"
"2026-05-10 11:49:50","https://electronics.stackexchange.com/questions/tagged/pcb-design","success","markdown","C:\KICAD_SCRAPE\ingest_v2\markdown\url_000073-electronics.stackexchange.com-questions-tagged-pcb-design-3c2e8095f2.md","html_converted_to_markdown"
"2026-05-10 11:49:51","https://electronics.stackexchange.com/questions/tagged/pcb-layout","success","markdown","C:\KICAD_SCRAPE\ingest_v2\markdown\url_000074-electronics.stackexchange.com-questions-tagged-pcb-layout-a67c39fb2c.md","html_converted_to_markdown"
"2026-05-10 11:49:53","https://electronics.stackexchange.com/questions/tagged/rf","success","markdown","C:\KICAD_SCRAPE\ingest_v2\markdown\url_000075-electronics.stackexchange.com-questions-tagged-rf-e0beb0356d.md","html_converted_to_markdown"
"2026-05-10 11:49:55","https://electronics.stackexchange.com/questions/tagged/signal-integrity","success","markdown","C:\KICAD_SCRAPE\ingest_v2\markdown\url_000076-electronics.stackexchange.com-questions-tagged-signal-integrity-8b3e0a480f.md","html_converted_to_markdown"
"2026-05-10 11:49:57","https://electronics.stackexchange.com/questions/tagged/switching-regulator","success","markdown","C:\KICAD_SCRAPE\ingest_v2\markdown\url_000077-electronics.stackexchange.com-questions-tagged-switching-regulator-1d5381a35a.md","html_converted_to_markdown"
"2026-05-10 11:49:59","https://electronics.stackexchange.com/questions/tagged/usb","success","markdown","C:\KICAD_SCRAPE\ingest_v2\markdown\url_000078-electronics.stackexchange.com-questions-tagged-usb-f7b3751360.md","html_converted_to_markdown"
"2026-05-10 11:50:01","https://electronics.stackexchange.com/questions/tagged/usb-c","success","markdown","C:\KICAD_SCRAPE\ingest_v2\markdown\url_000079-electronics.stackexchange.com-questions-tagged-usb-c-fc8f1f11ca.md","html_converted_to_markdown"
"2026-05-10 11:50:04","https://forum.kicad.info/","success","markdown","C:\KICAD_SCRAPE\ingest_v2\markdown\url_000080-forum.kicad.info-index-88e43812e8.md","html_converted_to_markdown"
"2026-05-10 11:50:05","https://forum.kicad.info/c/development/16","success","markdown","C:\KICAD_SCRAPE\ingest_v2\markdown\url_000081-forum.kicad.info-c-development-16-40e18a383f.md","html_converted_to_markdown"
"2026-05-10 11:50:07","https://forum.kicad.info/c/footprints-symbols/11","success","markdown","C:\KICAD_SCRAPE\ingest_v2\markdown\url_000082-forum.kicad.info-c-footprints-symbols-11-39652d571b.md","html_converted_to_markdown"
"2026-05-10 11:50:09","https://forum.kicad.info/c/layout/6","success","markdown","C:\KICAD_SCRAPE\ingest_v2\markdown\url_000083-forum.kicad.info-c-layout-6-5a8e057908.md","html_converted_to_markdown"
"2026-05-10 11:50:10","https://forum.kicad.info/t/custom-design-rules-examples/43987","success","markdown","C:\KICAD_SCRAPE\ingest_v2\markdown\url_000084-forum.kicad.info-t-custom-design-rules-examples-43987-fa50a4c488.md","html_converted_to_markdown"
"2026-05-10 11:50:12","https://forum.kicad.info/t/kicad-9-0-python-api-ipc-api/57236","success","markdown","C:\KICAD_SCRAPE\ingest_v2\markdown\url_000085-forum.kicad.info-t-kicad-9-0-python-api-ipc-api-57236-5999d09e4f.md","html_converted_to_markdown"
"2026-05-10 11:50:14","https://forum.kicad.info/t/writing-an-exporter-and-need-documentation-advice-on-file-formats/9239","success","markdown","C:\KICAD_SCRAPE\ingest_v2\markdown\url_000086-forum.kicad.info-t-writing-an-exporter-and-need-documentation-advice-on-file-formats-9239-ab068b3cb3.md","html_converted_to_markdown"
"2026-05-10 11:50:20","https://fscdn.rohm.com/en/products/databook/applinote/ic/power/switching_regulator/converter_pcb_layout_appli-e.pdf","success","pdf","C:\KICAD_SCRAPE\ingest_v2\pdf\url_000087-fscdn.rohm.com-en-products-databook-applinote-ic-power-switching_regulator-converter_pcb_layout_appli-e.pdf-d951323499.pdf","pdf_extracted_python_pypdf"
"2026-05-10 11:50:23","https://github.com/Digi-Key/digikey-kicad-library","success","markdown","C:\KICAD_SCRAPE\ingest_v2\markdown\url_000088-github.com-Digi-Key-digikey-kicad-library-2ef9d35d29.md","html_converted_to_markdown"
"2026-05-10 11:50:26","https://github.com/espressif/esp-dev-kits","success","markdown","C:\KICAD_SCRAPE\ingest_v2\markdown\url_000089-github.com-espressif-esp-dev-kits-bfdf245b02.md","html_converted_to_markdown"
"2026-05-10 11:50:30","https://github.com/espressif/esp-hardware-design-guidelines","success","markdown","C:\KICAD_SCRAPE\ingest_v2\markdown\url_000090-github.com-espressif-esp-hardware-design-guidelines-5650a9a7ab.md","html_converted_to_markdown"
"2026-05-10 11:50:33","https://github.com/espressif/esp-idf","success","markdown","C:\KICAD_SCRAPE\ingest_v2\markdown\url_000091-github.com-espressif-esp-idf-f9a72b765a.md","html_converted_to_markdown"
"2026-05-10 11:50:37","https://github.com/KiCad/kicad-source-mirror","success","markdown","C:\KICAD_SCRAPE\ingest_v2\markdown\url_000092-github.com-KiCad-kicad-source-mirror-2d7d887ef9.md","html_converted_to_markdown"
"2026-05-10 11:50:41","https://github.com/KiCad/kicad-source-mirror/tree/master/pcbnew","success","markdown","C:\KICAD_SCRAPE\ingest_v2\markdown\url_000093-github.com-KiCad-kicad-source-mirror-tree-master-pcbnew-6da2877692.md","html_converted_to_markdown"
"2026-05-10 11:50:43","https://github.com/KiCad/kicad-source-mirror/tree/master/pcbnew/python","success","markdown","C:\KICAD_SCRAPE\ingest_v2\markdown\url_000094-github.com-KiCad-kicad-source-mirror-tree-master-pcbnew-python-aefd8275b4.md","html_converted_to_markdown"
"2026-05-10 11:50:45","https://gitlab.com/kicad/code/kicad","success","markdown","C:\KICAD_SCRAPE\ingest_v2\markdown\url_000095-gitlab.com-kicad-code-kicad-db4cf112cb.md","html_converted_to_markdown"
"2026-05-10 11:50:47","https://gitlab.com/kicad/code/kicad/-/tree/master/pcbnew","success","markdown","C:\KICAD_SCRAPE\ingest_v2\markdown\url_000096-gitlab.com-kicad-code-kicad-tree-master-pcbnew-5ada154393.md","html_converted_to_markdown"
"2026-05-10 11:50:48","https://gitlab.com/kicad/code/kicad/-/tree/master/pcbnew/swig","success","markdown","C:\KICAD_SCRAPE\ingest_v2\markdown\url_000097-gitlab.com-kicad-code-kicad-tree-master-pcbnew-swig-8c24bd40a7.md","html_converted_to_markdown"
"2026-05-10 11:50:50","https://gitlab.com/kicad/code/kicad/-/tree/master/qa","success","markdown","C:\KICAD_SCRAPE\ingest_v2\markdown\url_000098-gitlab.com-kicad-code-kicad-tree-master-qa-706b2062d2.md","html_converted_to_markdown"
"2026-05-10 11:50:51","https://gitlab.com/kicad/code/kicad/-/tree/master/tools","success","markdown","C:\KICAD_SCRAPE\ingest_v2\markdown\url_000099-gitlab.com-kicad-code-kicad-tree-master-tools-12211c7d70.md","html_converted_to_markdown"
"2026-05-10 11:50:52","https://gitlab.com/kicad/code/kicad-python","success","markdown","C:\KICAD_SCRAPE\ingest_v2\markdown\url_000100-gitlab.com-kicad-code-kicad-python-d529668842.md","html_converted_to_markdown"
"2026-05-10 11:50:54","https://gitlab.com/kicad/code/kicad-python/-/blob/main/README.md","success","markdown","C:\KICAD_SCRAPE\ingest_v2\markdown\url_000101-gitlab.com-kicad-code-kicad-python-blob-main-README.md-4b6ecf62c9.md","html_converted_to_markdown"
"2026-05-10 11:50:55","https://gitlab.com/kicad/libraries/kicad-footprints","success","markdown","C:\KICAD_SCRAPE\ingest_v2\markdown\url_000102-gitlab.com-kicad-libraries-kicad-footprints-5cfaec7373.md","html_converted_to_markdown"
"2026-05-10 11:50:57","https://gitlab.com/kicad/libraries/kicad-library-utils","success","markdown","C:\KICAD_SCRAPE\ingest_v2\markdown\url_000103-gitlab.com-kicad-libraries-kicad-library-utils-811aae03f0.md","html_converted_to_markdown"
"2026-05-10 11:50:58","https://gitlab.com/kicad/libraries/kicad-packages3D","success","markdown","C:\KICAD_SCRAPE\ingest_v2\markdown\url_000104-gitlab.com-kicad-libraries-kicad-packages3D-bf4f7c4587.md","html_converted_to_markdown"
"2026-05-10 11:51:00","https://gitlab.com/kicad/libraries/kicad-symbols","success","markdown","C:\KICAD_SCRAPE\ingest_v2\markdown\url_000105-gitlab.com-kicad-libraries-kicad-symbols-52b2941cf3.md","html_converted_to_markdown"
"2026-05-10 11:51:01","https://hackaday.com/tag/antenna","success","markdown","C:\KICAD_SCRAPE\ingest_v2\markdown\url_000106-hackaday.com-tag-antenna-22c75f10de.md","html_converted_to_markdown"
"2026-05-10 11:51:03","https://hackaday.com/tag/buck-converter","success","markdown","C:\KICAD_SCRAPE\ingest_v2\markdown\url_000107-hackaday.com-tag-buck-converter-91910131a1.md","html_converted_to_markdown"
"2026-05-10 11:51:05","https://hackaday.com/tag/esd","success","markdown","C:\KICAD_SCRAPE\ingest_v2\markdown\url_000108-hackaday.com-tag-esd-0c463e5774.md","html_converted_to_markdown"
"2026-05-10 11:51:07","https://hackaday.com/tag/esp32-s3","success","markdown","C:\KICAD_SCRAPE\ingest_v2\markdown\url_000109-hackaday.com-tag-esp32-s3-9ff42e2f5c.md","html_converted_to_markdown"
"2026-05-10 11:51:09","https://hackaday.com/tag/kicad","success","markdown","C:\KICAD_SCRAPE\ingest_v2\markdown\url_000110-hackaday.com-tag-kicad-dc50ad31fa.md","html_converted_to_markdown"
"2026-05-10 11:51:11","https://hackaday.com/tag/pcb-design","success","markdown","C:\KICAD_SCRAPE\ingest_v2\markdown\url_000111-hackaday.com-tag-pcb-design-ada3f66f2e.md","html_converted_to_markdown"
"2026-05-10 11:51:13","https://hackaday.com/tag/pcb-layout","success","markdown","C:\KICAD_SCRAPE\ingest_v2\markdown\url_000112-hackaday.com-tag-pcb-layout-0898902e44.md","html_converted_to_markdown"
"2026-05-10 11:51:15","https://hackaday.com/tag/usb-c","success","markdown","C:\KICAD_SCRAPE\ingest_v2\markdown\url_000113-hackaday.com-tag-usb-c-b399c5996b.md","html_converted_to_markdown"
"2026-05-10 11:51:17","https://jlcpcb.com/blog/pcb-design-rules-best-practices","success","markdown","C:\KICAD_SCRAPE\ingest_v2\markdown\url_000114-jlcpcb.com-blog-pcb-design-rules-best-practices-8fa9e27f3f.md","html_converted_to_markdown"
"2026-05-10 11:51:19","https://jlcpcb.com/blog/using-via-in-pad-technology","success","markdown","C:\KICAD_SCRAPE\ingest_v2\markdown\url_000115-jlcpcb.com-blog-using-via-in-pad-technology-c8865e3bcd.md","html_converted_to_markdown"
"2026-05-10 11:51:21","https://jlcpcb.com/blog/via-in-pad-pcb","success","markdown","C:\KICAD_SCRAPE\ingest_v2\markdown\url_000116-jlcpcb.com-blog-via-in-pad-pcb-edc99770ce.md","html_converted_to_markdown"
"2026-05-10 11:51:23","https://jlcpcb.com/capabilities/pcb-capabilities","success","markdown","C:\KICAD_SCRAPE\ingest_v2\markdown\url_000117-jlcpcb.com-capabilities-pcb-capabilities-22608f4d32.md","html_converted_to_markdown"
"2026-05-10 11:51:25","https://jlcpcb.com/help/article/castellated-holes","success","markdown","C:\KICAD_SCRAPE\ingest_v2\markdown\url_000118-jlcpcb.com-help-article-castellated-holes-cff7a2a2fa.md","html_converted_to_markdown"
"2026-05-10 11:51:27","https://jlcpcb.com/help/article/controlled-impedance-calculator","success","markdown","C:\KICAD_SCRAPE\ingest_v2\markdown\url_000119-jlcpcb.com-help-article-controlled-impedance-calculator-cde6e30cfb.md","html_converted_to_markdown"
"2026-05-10 11:51:28","https://jlcpcb.com/help/article/controlled-impedance-pcb","success","markdown","C:\KICAD_SCRAPE\ingest_v2\markdown\url_000120-jlcpcb.com-help-article-controlled-impedance-pcb-8e1489edeb.md","html_converted_to_markdown"
"2026-05-10 11:51:31","https://jlcpcb.com/help/article/gerber-file-requirements","success","markdown","C:\KICAD_SCRAPE\ingest_v2\markdown\url_000121-jlcpcb.com-help-article-gerber-file-requirements-4629478665.md","html_converted_to_markdown"
"2026-05-10 11:51:32","https://jlcpcb.com/help/article/impedance-control-requirements","success","markdown","C:\KICAD_SCRAPE\ingest_v2\markdown\url_000122-jlcpcb.com-help-article-impedance-control-requirements-c29f2b51c2.md","html_converted_to_markdown"
"2026-05-10 11:51:34","https://jlcpcb.com/help/article/kicad-export-gerber","success","markdown","C:\KICAD_SCRAPE\ingest_v2\markdown\url_000123-jlcpcb.com-help-article-kicad-export-gerber-ee5691e7b1.md","html_converted_to_markdown"
"2026-05-10 11:51:36","https://jlcpcb.com/help/article/minimum-annular-ring","success","markdown","C:\KICAD_SCRAPE\ingest_v2\markdown\url_000124-jlcpcb.com-help-article-minimum-annular-ring-e841cf0923.md","html_converted_to_markdown"
"2026-05-10 11:51:38","https://jlcpcb.com/help/article/minimum-hole-size","success","markdown","C:\KICAD_SCRAPE\ingest_v2\markdown\url_000125-jlcpcb.com-help-article-minimum-hole-size-2b7938d59f.md","html_converted_to_markdown"
"2026-05-10 11:51:40","https://jlcpcb.com/help/article/multilayer-pcb-stackup","success","markdown","C:\KICAD_SCRAPE\ingest_v2\markdown\url_000126-jlcpcb.com-help-article-multilayer-pcb-stackup-9a7c977e05.md","html_converted_to_markdown"
"2026-05-10 11:51:41","https://jlcpcb.com/help/article/pcb-assembly-capabilities","success","markdown","C:\KICAD_SCRAPE\ingest_v2\markdown\url_000127-jlcpcb.com-help-article-pcb-assembly-capabilities-f99eb83819.md","html_converted_to_markdown"
"2026-05-10 11:51:43","https://jlcpcb.com/help/article/pcb-assembly-design-requirements","success","markdown","C:\KICAD_SCRAPE\ingest_v2\markdown\url_000128-jlcpcb.com-help-article-pcb-assembly-design-requirements-ac0e571d96.md","html_converted_to_markdown"
"2026-05-10 11:51:45","https://jlcpcb.com/help/article/pcb-assembly-faq","success","markdown","C:\KICAD_SCRAPE\ingest_v2\markdown\url_000129-jlcpcb.com-help-article-pcb-assembly-faq-bd3b7e4f7e.md","html_converted_to_markdown"
"2026-05-10 11:51:47","https://jlcpcb.com/help/article/pcb-design-guidelines","success","markdown","C:\KICAD_SCRAPE\ingest_v2\markdown\url_000130-jlcpcb.com-help-article-pcb-design-guidelines-8cb990555a.md","html_converted_to_markdown"
"2026-05-10 11:51:49","https://jlcpcb.com/help/article/pcb-panelization","success","markdown","C:\KICAD_SCRAPE\ingest_v2\markdown\url_000131-jlcpcb.com-help-article-pcb-panelization-3a244f3879.md","html_converted_to_markdown"
"2026-05-10 11:51:51","https://jlcpcb.com/help/article/pcb-stackup","success","markdown","C:\KICAD_SCRAPE\ingest_v2\markdown\url_000132-jlcpcb.com-help-article-pcb-stackup-3a17d7bb8d.md","html_converted_to_markdown"
"2026-05-10 11:51:53","https://jlcpcb.com/help/article/pcb-via-covering","success","markdown","C:\KICAD_SCRAPE\ingest_v2\markdown\url_000133-jlcpcb.com-help-article-pcb-via-covering-4cf62ee490.md","html_converted_to_markdown"
"2026-05-10 11:51:55","https://jlcpcb.com/help/article/silkscreen-requirements","success","markdown","C:\KICAD_SCRAPE\ingest_v2\markdown\url_000134-jlcpcb.com-help-article-silkscreen-requirements-2420796f85.md","html_converted_to_markdown"
"2026-05-10 11:51:56","https://jlcpcb.com/help/article/smt-assembly-design-rules","success","markdown","C:\KICAD_SCRAPE\ingest_v2\markdown\url_000135-jlcpcb.com-help-article-smt-assembly-design-rules-d51e9c22e5.md","html_converted_to_markdown"
"2026-05-10 11:51:58","https://jlcpcb.com/help/article/soldermask-expansion","success","markdown","C:\KICAD_SCRAPE\ingest_v2\markdown\url_000136-jlcpcb.com-help-article-soldermask-expansion-fbc0565c08.md","html_converted_to_markdown"
"2026-05-10 11:52:00","https://jlcpcb.com/help/article/via-in-pad","success","markdown","C:\KICAD_SCRAPE\ingest_v2\markdown\url_000137-jlcpcb.com-help-article-via-in-pad-87ce6c39f1.md","html_converted_to_markdown"
"2026-05-10 11:52:02","https://jlcpcb.com/parts","success","markdown","C:\KICAD_SCRAPE\ingest_v2\markdown\url_000138-jlcpcb.com-parts-7faaf3e096.md","html_converted_to_markdown"
"2026-05-10 11:52:04","https://jlcpcb.com/pcb-assembly","success","markdown","C:\KICAD_SCRAPE\ingest_v2\markdown\url_000139-jlcpcb.com-pcb-assembly-389341c6ac.md","html_converted_to_markdown"
"2026-05-10 11:52:06","https://kicad.org/libraries/klc","failed","","","The remote server returned an error: (404) Not Found."
"2026-05-10 11:52:09","https://klc.kicad.org/","success","markdown","C:\KICAD_SCRAPE\ingest_v2\markdown\url_000141-klc.kicad.org-index-f75c8e1a27.md","html_converted_to_markdown"
"2026-05-10 11:52:10","https://klc.kicad.org/footprint","success","markdown","C:\KICAD_SCRAPE\ingest_v2\markdown\url_000142-klc.kicad.org-footprint-50fcc3cb75.md","html_converted_to_markdown"
"2026-05-10 11:52:12","https://klc.kicad.org/model","success","markdown","C:\KICAD_SCRAPE\ingest_v2\markdown\url_000143-klc.kicad.org-model-e42c64985e.md","html_converted_to_markdown"
"2026-05-10 11:52:13","https://klc.kicad.org/symbol","success","markdown","C:\KICAD_SCRAPE\ingest_v2\markdown\url_000144-klc.kicad.org-symbol-cc13149e58.md","html_converted_to_markdown"
"2026-05-10 11:52:15","https://learn.adafruit.com/adafruit-feather-rp2040-pico","success","markdown","C:\KICAD_SCRAPE\ingest_v2\markdown\url_000145-learn.adafruit.com-adafruit-feather-rp2040-pico-21c0396507.md","html_converted_to_markdown"
"2026-05-10 11:52:17","https://learn.adafruit.com/adafruit-guide-excellent-soldering","success","markdown","C:\KICAD_SCRAPE\ingest_v2\markdown\url_000146-learn.adafruit.com-adafruit-guide-excellent-soldering-2a7ff652fc.md","html_converted_to_markdown"
"2026-05-10 11:52:18","https://learn.adafruit.com/adafruit-qt-py-esp32-s3","success","markdown","C:\KICAD_SCRAPE\ingest_v2\markdown\url_000147-learn.adafruit.com-adafruit-qt-py-esp32-s3-774bd56bd8.md","html_converted_to_markdown"
"2026-05-10 11:52:20","https://learn.sparkfun.com/tutorials/designing-pcbs-advanced-smd/all","success","markdown","C:\KICAD_SCRAPE\ingest_v2\markdown\url_000148-learn.sparkfun.com-tutorials-designing-pcbs-advanced-smd-all-addd328a3c.md","html_converted_to_markdown"
"2026-05-10 11:52:21","https://learn.sparkfun.com/tutorials/how-to-read-a-schematic/all","success","markdown","C:\KICAD_SCRAPE\ingest_v2\markdown\url_000149-learn.sparkfun.com-tutorials-how-to-read-a-schematic-all-854011a9b0.md","html_converted_to_markdown"
"2026-05-10 11:52:23","https://learn.sparkfun.com/tutorials/pcb-basics/all","success","markdown","C:\KICAD_SCRAPE\ingest_v2\markdown\url_000150-learn.sparkfun.com-tutorials-pcb-basics-all-8df7a91c58.md","html_converted_to_markdown"
"2026-05-10 11:52:32","https://octopart.com/documentation/style-guide","success","markdown","C:\KICAD_SCRAPE\ingest_v2\markdown\url_000151-octopart.com-documentation-style-guide-1c5e4e5c81.md","html_converted_to_markdown"
"2026-05-10 11:52:39","https://octopart.com/faq/downloading-and-installing-cad-models","success","markdown","C:\KICAD_SCRAPE\ingest_v2\markdown\url_000152-octopart.com-faq-downloading-and-installing-cad-models-ad8df6941b.md","html_converted_to_markdown"
"2026-05-10 11:52:40","https://pcb.mit.edu/","success","markdown","C:\KICAD_SCRAPE\ingest_v2\markdown\url_000153-pcb.mit.edu-index-9427b9541a.md","html_converted_to_markdown"
"2026-05-10 11:52:42","https://pcb.mit.edu/archive/IAP2023/labs","failed","","","The remote server returned an error: (404) Not Found."
"2026-05-10 11:52:43","https://pcb.mit.edu/archive/IAP2023/lectures","success","markdown","C:\KICAD_SCRAPE\ingest_v2\markdown\url_000155-pcb.mit.edu-archive-IAP2023-lectures-8f0fb8dc80.md","html_converted_to_markdown"
"2026-05-10 11:52:44","https://pcb.mit.edu/archive/IAP2023/lectures/lecture_01","success","markdown","C:\KICAD_SCRAPE\ingest_v2\markdown\url_000156-pcb.mit.edu-archive-IAP2023-lectures-lecture_01-acce29b500.md","html_converted_to_markdown"
"2026-05-10 11:52:46","https://pcb.mit.edu/archive/IAP2023/lectures/lecture_02","success","markdown","C:\KICAD_SCRAPE\ingest_v2\markdown\url_000157-pcb.mit.edu-archive-IAP2023-lectures-lecture_02-a281950182.md","html_converted_to_markdown"
"2026-05-10 11:52:48","https://pcb.mit.edu/archive/IAP2023/lectures/lecture_03","success","markdown","C:\KICAD_SCRAPE\ingest_v2\markdown\url_000158-pcb.mit.edu-archive-IAP2023-lectures-lecture_03-7d0a01607e.md","html_converted_to_markdown"
"2026-05-10 11:52:49","https://pcb.mit.edu/archive/IAP2023/lectures/lecture_04","success","markdown","C:\KICAD_SCRAPE\ingest_v2\markdown\url_000159-pcb.mit.edu-archive-IAP2023-lectures-lecture_04-11dae1c74e.md","html_converted_to_markdown"
"2026-05-10 11:52:51","https://pcb.mit.edu/archive/IAP2023/lectures/lecture_05","success","markdown","C:\KICAD_SCRAPE\ingest_v2\markdown\url_000160-pcb.mit.edu-archive-IAP2023-lectures-lecture_05-68a2dd3419.md","html_converted_to_markdown"
"2026-05-10 11:52:52","https://pcb.mit.edu/archive/IAP2023/lectures/lecture_06","failed","","","The remote server returned an error: (404) Not Found."
"2026-05-10 11:52:53","https://pcb.mit.edu/archive/IAP2023/lectures/lecture_07","failed","","","The remote server returned an error: (404) Not Found."
"2026-05-10 11:52:54","https://pcb.mit.edu/resources","success","markdown","C:\KICAD_SCRAPE\ingest_v2\markdown\url_000163-pcb.mit.edu-resources-46f2aaf72d.md","html_converted_to_markdown"
"2026-05-10 11:52:55","https://pcb.mit.edu/syllabus","success","markdown","C:\KICAD_SCRAPE\ingest_v2\markdown\url_000164-pcb.mit.edu-syllabus-7917631e07.md","html_converted_to_markdown"
"2026-05-10 11:52:59","https://prodocs.easyeda.com/en/import-export/import-kicad","success","markdown","C:\KICAD_SCRAPE\ingest_v2\markdown\url_000165-prodocs.easyeda.com-en-import-export-import-kicad-f749a87327.md","html_converted_to_markdown"
"2026-05-10 11:53:01","https://resources.altium.com/p/decoupling-capacitor-placement-guidelines-pcb-design","failed","","","The remote server returned an error: (404) Not Found."
"2026-05-10 11:53:02","https://resources.altium.com/p/differential-pair-routing","failed","","","The remote server returned an error: (404) Not Found."
"2026-05-10 11:53:03","https://resources.altium.com/p/high-speed-pcb-design-guidelines","failed","","","The remote server returned an error: (404) Not Found."
"2026-05-10 11:53:05","https://resources.altium.com/p/how-to-use-ground-pour-on-pcb","failed","","","The remote server returned an error: (404) Not Found."
"2026-05-10 11:53:07","https://resources.altium.com/p/pcb-layout-guidelines","success","markdown","C:\KICAD_SCRAPE\ingest_v2\markdown\url_000170-resources.altium.com-p-pcb-layout-guidelines-f7de0ba03a.md","html_converted_to_markdown"
"2026-05-10 11:53:08","https://resources.altium.com/p/pcb-via-design-guidelines","failed","","","The remote server returned an error: (404) Not Found."
"2026-05-10 11:53:10","https://resources.altium.com/p/understanding-ground-loops-in-pcb-design","failed","","","The remote server returned an error: (404) Not Found."
"2026-05-10 11:53:11","https://resources.altium.com/p/usb-routing-guidelines","failed","","","The remote server returned an error: (404) Not Found."
"2026-05-10 11:53:12","https://resources.pcb.cadence.com/blog/2021-pcb-layout-considerations-for-a-mixed-signal-design","failed","","","The remote server returned an error: (404) Not Found."
"2026-05-10 11:53:14","https://resources.pcb.cadence.com/blog/2023-pcb-grounding-techniques","failed","","","The remote server returned an error: (404) Not Found."
"2026-05-10 11:53:16","https://resources.pcb.cadence.com/blog/2024-optimizing-for-pcb-trace-thickness-vs-current-capacity","success","markdown","C:\KICAD_SCRAPE\ingest_v2\markdown\url_000176-resources.pcb.cadence.com-blog-2024-optimizing-for-pcb-trace-thickness-vs-current-capacity-f9d020c99e.md","html_converted_to_markdown"
"2026-05-10 11:53:17","https://resources.pcb.cadence.com/blog/what-is-crosstalk-in-pcb-design","failed","","","The remote server returned an error: (404) Not Found."
"2026-05-10 11:53:20","https://saturnpcb.com/saturn-pcb-toolkit","success","markdown","C:\KICAD_SCRAPE\ingest_v2\markdown\url_000178-saturnpcb.com-saturn-pcb-toolkit-f0e66de2f2.md","html_converted_to_markdown"
"2026-05-10 11:53:22","https://ww1.microchip.com/downloads/aemDocuments/documents/OTH/ApplicationNotes/ApplicationNotes/00001953B.pdf","failed","","","The remote server returned an error: (403) Forbidden."
"2026-05-10 11:53:24","https://ww1.microchip.com/downloads/aemDocuments/documents/OTH/ApplicationNotes/ApplicationNotes/00002053A.pdf","success","pdf","C:\KICAD_SCRAPE\ingest_v2\pdf\url_000180-ww1.microchip.com-downloads-aemDocuments-documents-OTH-ApplicationNotes-ApplicationNotes-00002053A.pdf-0bb6a6d7a4.pdf","pdf_extracted_python_pypdf"
"2026-05-10 11:53:27","https://www.4pcb.com/pcb-capabilities.html","success","markdown","C:\KICAD_SCRAPE\ingest_v2\markdown\url_000181-4pcb.com-pcb-capabilities.html-ae79cd54c6.md","html_converted_to_markdown"
"2026-05-10 11:53:29","https://www.4pcb.com/pcb-design-checklist.html","success","markdown","C:\KICAD_SCRAPE\ingest_v2\markdown\url_000182-4pcb.com-pcb-design-checklist.html-bb656b4595.md","html_converted_to_markdown"
"2026-05-10 11:53:31","https://www.4pcb.com/pcb-design-guidelines","success","markdown","C:\KICAD_SCRAPE\ingest_v2\markdown\url_000183-4pcb.com-pcb-design-guidelines-89386b2e27.md","html_converted_to_markdown"
"2026-05-10 11:53:33","https://www.4pcb.com/printed-circuit-board-stackups.html","success","markdown","C:\KICAD_SCRAPE\ingest_v2\markdown\url_000184-4pcb.com-printed-circuit-board-stackups.html-2daf702cd5.md","html_converted_to_markdown"
"2026-05-10 11:53:34","https://www.4pcb.com/trace-width-calculator.html","success","markdown","C:\KICAD_SCRAPE\ingest_v2\markdown\url_000185-4pcb.com-trace-width-calculator.html-3413b82aaf.md","html_converted_to_markdown"
"2026-05-10 11:53:35","https://www.allaboutcircuits.com/tools/differential-pair-impedance-calculator","failed","","","The remote server returned an error: (403) Forbidden."
"2026-05-10 11:53:36","https://www.allaboutcircuits.com/tools/edge-coupled-microstrip-impedance-calculator","failed","","","The remote server returned an error: (403) Forbidden."
"2026-05-10 11:53:37","https://www.allaboutcircuits.com/tools/trace-resistance-calculator","failed","","","The remote server returned an error: (403) Forbidden."
"2026-05-10 11:56:38","https://www.analog.com/en/resources/analog-dialogue/articles/decoupling-techniques.html","failed","","","The operation has timed out."
"2026-05-10 11:59:39","https://www.analog.com/en/resources/analog-dialogue/articles/staying-well-grounded.html","failed","","","The operation has timed out."
"2026-05-10 12:02:40","https://www.analog.com/en/resources/app-notes/an-1119.html","failed","","","The operation has timed out."
"2026-05-10 12:05:41","https://www.analog.com/en/resources/app-notes/an-136.html","failed","","","The operation has timed out."
"2026-05-10 12:08:42","https://www.analog.com/en/resources/app-notes/an-139.html","failed","","","The operation has timed out."
"2026-05-10 12:11:43","https://www.analog.com/en/resources/technical-articles/board-layout-for-switch-mode-power-supplies.html","failed","","","The operation has timed out."
"2026-05-10 12:14:44","https://www.analog.com/en/resources/technical-articles/silent-switcher.html","failed","","","The operation has timed out."
"2026-05-10 12:14:46","https://www.chemandy.com/calculators/microstrip-calculator.htm","failed","","","The remote server returned an error: (404) Not Found."
"2026-05-10 12:14:47","https://www.chemandy.com/calculators/pcb-track-width-calculator.htm","failed","","","The remote server returned an error: (404) Not Found."
"2026-05-10 12:14:48","https://www.digikey.com/en/resources/conversion-calculators/conversion-calculator-pcb-trace-width","failed","","","The remote server returned an error: (403) Forbidden."
"2026-05-10 12:14:49","https://www.digikey.com/en/resources/design-tools/kicad","failed","","","The remote server returned an error: (403) Forbidden."
"2026-05-10 12:14:51","https://www.eevblog.com/forum/beginners","failed","","","The remote server returned an error: (404) Not Found."
"2026-05-10 12:14:52","https://www.eevblog.com/forum/eda","failed","","","The remote server returned an error: (404) Not Found."
"2026-05-10 12:14:55","https://www.eevblog.com/forum/projects","success","markdown","C:\KICAD_SCRAPE\ingest_v2\markdown\url_000202-eevblog.com-forum-projects-25481d2505.md","html_converted_to_markdown"
"2026-05-10 12:14:57","https://www.eevblog.com/forum/projects/buck-converter-layout-review","success","markdown","C:\KICAD_SCRAPE\ingest_v2\markdown\url_000203-eevblog.com-forum-projects-buck-converter-layout-review-d6cb24e196.md","html_converted_to_markdown"
"2026-05-10 12:14:59","https://www.eevblog.com/forum/projects/esp32-pcb-layout-review","success","markdown","C:\KICAD_SCRAPE\ingest_v2\markdown\url_000204-eevblog.com-forum-projects-esp32-pcb-layout-review-68dba46176.md","html_converted_to_markdown"
"2026-05-10 12:15:02","https://www.eevblog.com/forum/projects/pcb-layout-review","success","markdown","C:\KICAD_SCRAPE\ingest_v2\markdown\url_000205-eevblog.com-forum-projects-pcb-layout-review-bce68790df.md","html_converted_to_markdown"
"2026-05-10 12:15:04","https://www.eevblog.com/forum/projects/rf-layout-review","success","markdown","C:\KICAD_SCRAPE\ingest_v2\markdown\url_000206-eevblog.com-forum-projects-rf-layout-review-dce175caeb.md","html_converted_to_markdown"
"2026-05-10 12:15:06","https://www.eevblog.com/forum/projects/schematic-and-pcb-review","success","markdown","C:\KICAD_SCRAPE\ingest_v2\markdown\url_000207-eevblog.com-forum-projects-schematic-and-pcb-review-c3b60c39b6.md","html_converted_to_markdown"
"2026-05-10 12:15:08","https://www.eevblog.com/forum/projects/usb-c-design-review","success","markdown","C:\KICAD_SCRAPE\ingest_v2\markdown\url_000208-eevblog.com-forum-projects-usb-c-design-review-74838dee49.md","html_converted_to_markdown"
"2026-05-10 12:18:09","https://www.eeweb.com/tools/external-pcb-trace-max-current","failed","","","The operation has timed out."
"2026-05-10 12:21:10","https://www.eeweb.com/tools/microstrip-impedance","failed","","","The operation has timed out."
"2026-05-10 12:21:13","https://www.espressif.com/en/products/modules","success","markdown","C:\KICAD_SCRAPE\ingest_v2\markdown\url_000211-espressif.com-en-products-modules-9f2bf9253e.md","html_converted_to_markdown"
"2026-05-10 12:21:15","https://www.espressif.com/en/products/modules/esp32-s3-wroom-1","success","markdown","C:\KICAD_SCRAPE\ingest_v2\markdown\url_000212-espressif.com-en-products-modules-esp32-s3-wroom-1-6b9fc5f2ce.md","html_converted_to_markdown"
"2026-05-10 12:21:17","https://www.espressif.com/en/products/socs","success","markdown","C:\KICAD_SCRAPE\ingest_v2\markdown\url_000213-espressif.com-en-products-socs-85555b3850.md","html_converted_to_markdown"
"2026-05-10 12:21:18","https://www.espressif.com/en/products/socs/esp32-s3","success","markdown","C:\KICAD_SCRAPE\ingest_v2\markdown\url_000214-espressif.com-en-products-socs-esp32-s3-3f30c64a34.md","html_converted_to_markdown"
"2026-05-10 12:21:21","https://www.espressif.com/en/support/documents/technical-documents","success","markdown","C:\KICAD_SCRAPE\ingest_v2\markdown\url_000215-espressif.com-en-support-documents-technical-documents-cf42338d09.md","html_converted_to_markdown"
"2026-05-10 12:21:28","https://www.espressif.com/sites/default/files/documentation/esp32_datasheet_en.pdf","success","pdf","C:\KICAD_SCRAPE\ingest_v2\pdf\url_000216-espressif.com-sites-default-files-documentation-esp32_datasheet_en.pdf-9b13445196.pdf","pdf_extracted_python_pypdf"
"2026-05-10 12:22:02","https://www.espressif.com/sites/default/files/documentation/esp32_technical_reference_manual_en.pdf","success","pdf","C:\KICAD_SCRAPE\ingest_v2\pdf\url_000217-espressif.com-sites-default-files-documentation-esp32_technical_reference_manual_en.pdf-d5780d073a.pdf","pdf_extracted_python_pypdf"
"2026-05-10 12:22:08","https://www.espressif.com/sites/default/files/documentation/esp32-c3_datasheet_en.pdf","success","pdf","C:\KICAD_SCRAPE\ingest_v2\pdf\url_000218-espressif.com-sites-default-files-documentation-esp32-c3_datasheet_en.pdf-2a6af17adb.pdf","pdf_extracted_python_pypdf"
"2026-05-10 12:22:41","https://www.espressif.com/sites/default/files/documentation/esp32-c3_technical_reference_manual_en.pdf","success","pdf","C:\KICAD_SCRAPE\ingest_v2\pdf\url_000219-espressif.com-sites-default-files-documentation-esp32-c3_technical_reference_manual_en.pdf-47a0923087.pdf","pdf_extracted_python_pypdf"
"2026-05-10 12:22:47","https://www.espressif.com/sites/default/files/documentation/esp32-c6_datasheet_en.pdf","success","pdf","C:\KICAD_SCRAPE\ingest_v2\pdf\url_000220-espressif.com-sites-default-files-documentation-esp32-c6_datasheet_en.pdf-9a6de47c39.pdf","pdf_extracted_python_pypdf"
"2026-05-10 12:23:32","https://www.espressif.com/sites/default/files/documentation/esp32-c6_technical_reference_manual_en.pdf","success","pdf","C:\KICAD_SCRAPE\ingest_v2\pdf\url_000221-espressif.com-sites-default-files-documentation-esp32-c6_technical_reference_manual_en.pdf-26eee62458.pdf","pdf_extracted_python_pypdf"
"2026-05-10 12:23:40","https://www.espressif.com/sites/default/files/documentation/esp32-s3_datasheet_en.pdf","success","pdf","C:\KICAD_SCRAPE\ingest_v2\pdf\url_000222-espressif.com-sites-default-files-documentation-esp32-s3_datasheet_en.pdf-4688533147.pdf","pdf_extracted_python_pypdf"
"2026-05-10 12:23:42","https://www.espressif.com/sites/default/files/documentation/esp32-s3_errata_en.pdf","success","pdf","C:\KICAD_SCRAPE\ingest_v2\pdf\url_000223-espressif.com-sites-default-files-documentation-esp32-s3_errata_en.pdf-13b72743e0.pdf","pdf_extracted_python_pypdf"
"2026-05-10 12:24:37","https://www.espressif.com/sites/default/files/documentation/esp32-s3_technical_reference_manual_en.pdf","success","pdf","C:\KICAD_SCRAPE\ingest_v2\pdf\url_000224-espressif.com-sites-default-files-documentation-esp32-s3_technical_reference_manual_en.pdf-53f16fbb6b.pdf","pdf_extracted_python_pypdf"
"2026-05-10 12:24:46","https://www.espressif.com/sites/default/files/documentation/esp32-s3-wroom-1_wroom-1u_datasheet_en.pdf","success","pdf","C:\KICAD_SCRAPE\ingest_v2\pdf\url_000225-espressif.com-sites-default-files-documentation-esp32-s3-wroom-1_wroom-1u_datasheet_en.pdf-871a9adb26.pdf","pdf_extracted_python_pypdf"
"2026-05-10 12:24:48","https://www.eurocircuits.com/technical-guidelines/clearance-guidelines","failed","","","The remote server returned an error: (404) Not Found."
"2026-05-10 12:24:49","https://www.eurocircuits.com/technical-guidelines/drill-guidelines","failed","","","The remote server returned an error: (404) Not Found."
"2026-05-10 12:24:51","https://www.eurocircuits.com/technical-guidelines/panel-guidelines","success","markdown","C:\KICAD_SCRAPE\ingest_v2\markdown\url_000228-eurocircuits.com-technical-guidelines-panel-guidelines-3cfc05cb79.md","html_converted_to_markdown"
"2026-05-10 12:24:53","https://www.eurocircuits.com/technical-guidelines/pcb-design-guidelines","success","markdown","C:\KICAD_SCRAPE\ingest_v2\markdown\url_000229-eurocircuits.com-technical-guidelines-pcb-design-guidelines-cf39696e07.md","html_converted_to_markdown"
"2026-05-10 12:24:54","https://www.eurocircuits.com/technical-guidelines/solder-mask-guidelines","failed","","","The remote server returned an error: (404) Not Found."
"2026-05-10 12:24:57","https://www.eurocircuits.com/technical-guidelines/via-filling","success","markdown","C:\KICAD_SCRAPE\ingest_v2\markdown\url_000231-eurocircuits.com-technical-guidelines-via-filling-ab35e789ed.md","html_converted_to_markdown"
"2026-05-10 12:24:58","https://www.infineon.com/cms/en/product/microcontroller","failed","","","The request was aborted: The connection was closed unexpectedly."
"2026-05-10 12:24:59","https://www.infineon.com/cms/en/product/power/dc-dc-converters","failed","","","The request was aborted: The connection was closed unexpectedly."
"2026-05-10 12:25:00","https://www.microchip.com/en-us/application-notes/an1953","failed","","","The remote server returned an error: (403) Forbidden."
"2026-05-10 12:25:02","https://www.monolithicpower.com/en/learning/resources/an-introduction-to-buck-regulators","success","markdown","C:\KICAD_SCRAPE\ingest_v2\markdown\url_000235-monolithicpower.com-en-learning-resources-an-introduction-to-buck-regulators-84b92a6e0e.md","html_converted_to_markdown"
"2026-05-10 12:25:03","https://www.monolithicpower.com/en/learning/resources/how-to-design-a-buck-converter","success","markdown","C:\KICAD_SCRAPE\ingest_v2\markdown\url_000236-monolithicpower.com-en-learning-resources-how-to-design-a-buck-converter-38507beed1.md","html_converted_to_markdown"
"2026-05-10 12:25:04","https://www.monolithicpower.com/en/learning/resources/how-to-select-inductors-for-buck-converters","success","markdown","C:\KICAD_SCRAPE\ingest_v2\markdown\url_000237-monolithicpower.com-en-learning-resources-how-to-select-inductors-for-buck-converters-5fc33c34bb.md","html_converted_to_markdown"
"2026-05-10 12:25:05","https://www.monolithicpower.com/en/learning/resources/layout-guidelines-for-step-down-converters","success","markdown","C:\KICAD_SCRAPE\ingest_v2\markdown\url_000238-monolithicpower.com-en-learning-resources-layout-guidelines-for-step-down-converters-943fc01f12.md","html_converted_to_markdown"
"2026-05-10 12:25:06","https://www.monolithicpower.com/en/learning/resources/pcb-layout-for-emi-reduction","success","markdown","C:\KICAD_SCRAPE\ingest_v2\markdown\url_000239-monolithicpower.com-en-learning-resources-pcb-layout-for-emi-reduction-aef0148220.md","html_converted_to_markdown"
"2026-05-10 12:25:07","https://www.monolithicpower.com/en/learning/resources/pcb-layout-guidelines-for-switching-power-supplies","success","markdown","C:\KICAD_SCRAPE\ingest_v2\markdown\url_000240-monolithicpower.com-en-learning-resources-pcb-layout-guidelines-for-switching-power-supplies-0458990a50.md","html_converted_to_markdown"
"2026-05-10 12:25:08","https://www.monolithicpower.com/en/learning/resources/power-supply-layout-and-emi","success","markdown","C:\KICAD_SCRAPE\ingest_v2\markdown\url_000241-monolithicpower.com-en-learning-resources-power-supply-layout-and-emi-d72db400ab.md","html_converted_to_markdown"
"2026-05-10 12:25:09","https://www.monolithicpower.com/en/learning/resources/understanding-switching-regulator-loop-compensation","success","markdown","C:\KICAD_SCRAPE\ingest_v2\markdown\url_000242-monolithicpower.com-en-learning-resources-understanding-switching-regulator-loop-compensation-97c73e6597.md","html_converted_to_markdown"
"2026-05-10 12:25:10","https://www.mouser.com/electronic-cad-symbols-models","success","markdown","C:\KICAD_SCRAPE\ingest_v2\markdown\url_000243-mouser.com-electronic-cad-symbols-models-99a8807cdc.md","html_converted_to_markdown"
"2026-05-10 12:25:12","https://www.mouser.com/technical-resources","success","markdown","C:\KICAD_SCRAPE\ingest_v2\markdown\url_000244-mouser.com-technical-resources-b99ed9c076.md","html_converted_to_markdown"
"2026-05-10 12:25:13","https://www.nexar.com/api","success","markdown","C:\KICAD_SCRAPE\ingest_v2\markdown\url_000245-nexar.com-api-1771520614.md","html_converted_to_markdown"
"2026-05-10 12:25:14","https://www.nxp.com/docs/en/application-note/AN11178.pdf","failed","","","The remote server returned an error: (404) Not Found."
"2026-05-10 12:25:15","https://www.nxp.com/docs/en/application-note/AN12513.pdf","failed","","","The remote server returned an error: (404) Not Found."
"2026-05-10 12:25:21","https://www.octopart.com/","success","markdown","C:\KICAD_SCRAPE\ingest_v2\markdown\url_000248-octopart.com-index-1864dd49df.md","html_converted_to_markdown"
"2026-05-10 12:25:24","https://www.omnicalculator.com/other/pcb-trace-width","success","markdown","C:\KICAD_SCRAPE\ingest_v2\markdown\url_000249-omnicalculator.com-other-pcb-trace-width-c798b4e237.md","html_converted_to_markdown"
"2026-05-10 12:25:25","https://www.onsemi.com/pub/Collateral/TND6222-D.PDF","failed","","","The remote server returned an error: (403) Forbidden."
"2026-05-10 12:28:26","https://www.pasternack.com/t-calculator-microstrip.aspx","failed","","","The operation has timed out."
"2026-05-10 12:28:28","https://www.pcbway.com/assembly-file-requirements.html","success","markdown","C:\KICAD_SCRAPE\ingest_v2\markdown\url_000252-pcbway.com-assembly-file-requirements.html-fb4eda6e5e.md","html_converted_to_markdown"
"2026-05-10 12:28:29","https://www.pcbway.com/blog/PCB_Design_Layout/USB_Type_C_PCB_Design_Guidelines_Layout_and_Routing_Best_Practices_55bc0c39.html","success","markdown","C:\KICAD_SCRAPE\ingest_v2\markdown\url_000253-pcbway.com-blog-PCB_Design_Layout-USB_Type_C_PCB_Design_Guidelines_Layout_and_Routing_Best_Practices_55bc0c39.html-9fe391bfdc.md","html_converted_to_markdown"
"2026-05-10 12:28:31","https://www.pcbway.com/capabilities.html","success","markdown","C:\KICAD_SCRAPE\ingest_v2\markdown\url_000254-pcbway.com-capabilities.html-318ba95088.md","html_converted_to_markdown"
"2026-05-10 12:28:33","https://www.pcbway.com/pcb_prototype/PCB_Assembly.html","success","markdown","C:\KICAD_SCRAPE\ingest_v2\markdown\url_000255-pcbway.com-pcb_prototype-PCB_Assembly.html-50cc6ec5b6.md","html_converted_to_markdown"
"2026-05-10 12:28:34","https://www.pcbway.com/pcb_prototype/PCB_Capabilities.html","success","markdown","C:\KICAD_SCRAPE\ingest_v2\markdown\url_000256-pcbway.com-pcb_prototype-PCB_Capabilities.html-99367a5ff6.md","html_converted_to_markdown"
"2026-05-10 12:28:36","https://www.pcbway.com/pcb_prototype/PCB_Design_Rule_Check.html","success","markdown","C:\KICAD_SCRAPE\ingest_v2\markdown\url_000257-pcbway.com-pcb_prototype-PCB_Design_Rule_Check.html-c8af42c167.md","html_converted_to_markdown"
"2026-05-10 12:28:37","https://www.pcbway.com/pcb_prototype/PCB_Impedance_Control.html","success","markdown","C:\KICAD_SCRAPE\ingest_v2\markdown\url_000258-pcbway.com-pcb_prototype-PCB_Impedance_Control.html-84e20c2498.md","html_converted_to_markdown"
"2026-05-10 12:28:43","https://www.protoexpress.com/blog/best-high-speed-pcb-routing-practices","success","markdown","C:\KICAD_SCRAPE\ingest_v2\markdown\url_000259-protoexpress.com-blog-best-high-speed-pcb-routing-practices-07b19c3add.md","html_converted_to_markdown"
"2026-05-10 12:28:49","https://www.protoexpress.com/blog/decoupling-capacitor-placement","success","markdown","C:\KICAD_SCRAPE\ingest_v2\markdown\url_000260-protoexpress.com-blog-decoupling-capacitor-placement-4242ff9a98.md","html_converted_to_markdown"
"2026-05-10 12:28:57","https://www.protoexpress.com/blog/high-speed-pcb-design","success","markdown","C:\KICAD_SCRAPE\ingest_v2\markdown\url_000261-protoexpress.com-blog-high-speed-pcb-design-6c1108be83.md","html_converted_to_markdown"
"2026-05-10 12:29:01","https://www.protoexpress.com/blog/pcb-grounding-techniques","failed","","","The remote server returned an error: (404) Not Found."
"2026-05-10 12:29:06","https://www.protoexpress.com/blog/signal-integrity-pcb-design","failed","","","The remote server returned an error: (404) Not Found."
"2026-05-10 12:29:15","https://www.protoexpress.com/kb/dfm-rules","success","markdown","C:\KICAD_SCRAPE\ingest_v2\markdown\url_000264-protoexpress.com-kb-dfm-rules-b2eedbb1d7.md","html_converted_to_markdown"
"2026-05-10 12:29:25","https://www.protoexpress.com/kb/pcb-trace-width-calculator","failed","","","The remote server returned an error: (404) Not Found."
"2026-05-10 12:29:32","https://www.protoexpress.com/pcb-design-guides","success","markdown","C:\KICAD_SCRAPE\ingest_v2\markdown\url_000266-protoexpress.com-pcb-design-guides-238fc5dcc0.md","html_converted_to_markdown"
"2026-05-10 12:29:33","https://www.reddit.com/r/AskElectronics","success","markdown","C:\KICAD_SCRAPE\ingest_v2\markdown\url_000267-reddit.com-r-AskElectronics-cee5df291c.md","html_converted_to_markdown"
"2026-05-10 12:29:34","https://www.reddit.com/r/ElectricalEngineering","success","markdown","C:\KICAD_SCRAPE\ingest_v2\markdown\url_000268-reddit.com-r-ElectricalEngineering-7578163bd6.md","html_converted_to_markdown"
"2026-05-10 12:29:35","https://www.reddit.com/r/embedded","success","markdown","C:\KICAD_SCRAPE\ingest_v2\markdown\url_000269-reddit.com-r-embedded-e01fdc9824.md","html_converted_to_markdown"
"2026-05-10 12:29:37","https://www.reddit.com/r/esp32","success","markdown","C:\KICAD_SCRAPE\ingest_v2\markdown\url_000270-reddit.com-r-esp32-0b3f9f5798.md","html_converted_to_markdown"
"2026-05-10 12:29:38","https://www.reddit.com/r/KiCad","success","markdown","C:\KICAD_SCRAPE\ingest_v2\markdown\url_000271-reddit.com-r-KiCad-2ed5242520.md","html_converted_to_markdown"
"2026-05-10 12:29:39","https://www.reddit.com/r/PCB","success","markdown","C:\KICAD_SCRAPE\ingest_v2\markdown\url_000272-reddit.com-r-PCB-ac853561b2.md","html_converted_to_markdown"
"2026-05-10 12:29:40","https://www.reddit.com/r/PrintedCircuitBoard","success","markdown","C:\KICAD_SCRAPE\ingest_v2\markdown\url_000273-reddit.com-r-PrintedCircuitBoard-3a89939e97.md","html_converted_to_markdown"
"2026-05-10 12:29:41","https://www.reddit.com/r/PrintedCircuitBoard/search?q=layout%20review&restrict_sr=1","success","markdown","C:\KICAD_SCRAPE\ingest_v2\markdown\url_000274-reddit.com-r-PrintedCircuitBoard-search-64fab08cae.md","html_converted_to_markdown"
"2026-05-10 12:29:43","https://www.renesas.com/en/products/microcontrollers-microprocessors/ra-cortex-m-mcus","success","markdown","C:\KICAD_SCRAPE\ingest_v2\markdown\url_000275-renesas.com-en-products-microcontrollers-microprocessors-ra-cortex-m-mcus-f81a7b6c5d.md","html_converted_to_markdown"
"2026-05-10 12:29:45","https://www.renesas.com/en/products/microcontrollers-microprocessors/rx-32-bit-performance-efficiency-mcus","success","markdown","C:\KICAD_SCRAPE\ingest_v2\markdown\url_000276-renesas.com-en-products-microcontrollers-microprocessors-rx-32-bit-performance-efficiency-mcus-0f84142d5c.md","html_converted_to_markdown"
"2026-05-10 12:29:49","https://www.richtek.com/Design%20Support/Technical%20Document/AN003","success","markdown","C:\KICAD_SCRAPE\ingest_v2\markdown\url_000277-richtek.com-Design-20Support-Technical-20Document-AN003-cbc568e6c4.md","html_converted_to_markdown"
"2026-05-10 12:29:51","https://www.richtek.com/Design%20Support/Technical%20Document/AN004","success","markdown","C:\KICAD_SCRAPE\ingest_v2\markdown\url_000278-richtek.com-Design-20Support-Technical-20Document-AN004-2b6352eb54.md","html_converted_to_markdown"
"2026-05-10 12:29:54","https://www.richtek.com/Design%20Support/Technical%20Document/AN005","success","markdown","C:\KICAD_SCRAPE\ingest_v2\markdown\url_000279-richtek.com-Design-20Support-Technical-20Document-AN005-b6a105f5ef.md","html_converted_to_markdown"
"2026-05-10 12:29:56","https://www.richtek.com/Design%20Support/Technical%20Document/AN006","success","markdown","C:\KICAD_SCRAPE\ingest_v2\markdown\url_000280-richtek.com-Design-20Support-Technical-20Document-AN006-f1a9650ccb.md","html_converted_to_markdown"
"2026-05-10 12:29:58","https://www.richtek.com/Design%20Support/Technical%20Document/AN025","success","markdown","C:\KICAD_SCRAPE\ingest_v2\markdown\url_000281-richtek.com-Design-20Support-Technical-20Document-AN025-bacfe28448.md","html_converted_to_markdown"
"2026-05-10 12:30:02","https://www.richtek.com/Design%20Support/Technical%20Document/AN045","success","markdown","C:\KICAD_SCRAPE\ingest_v2\markdown\url_000282-richtek.com-Design-20Support-Technical-20Document-AN045-2d7d0c27d1.md","html_converted_to_markdown"
"2026-05-10 12:30:04","https://www.silabs.com/documents/public/application-notes/an0046-efm32-usb-hardware-design-guidelines.pdf","success","pdf","C:\KICAD_SCRAPE\ingest_v2\pdf\url_000283-silabs.com-documents-public-application-notes-an0046-efm32-usb-hardware-design-guidelines.pdf-fd0c5d0498.pdf","pdf_extracted_python_pypdf"
"2026-05-10 12:30:06","https://www.silabs.com/documents/public/application-notes/AN0054.pdf","success","pdf","C:\KICAD_SCRAPE\ingest_v2\pdf\url_000284-silabs.com-documents-public-application-notes-AN0054.pdf-a1516cc76f.pdf","pdf_extracted_python_pypdf"
"2026-05-10 12:30:09","https://www.silabs.com/mcu/32-bit/efm32-gecko","success","markdown","C:\KICAD_SCRAPE\ingest_v2\markdown\url_000285-silabs.com-mcu-32-bit-efm32-gecko-9c6b3951f2.md","html_converted_to_markdown"
"2026-05-10 12:30:11","https://www.silabs.com/wireless/bluetooth/efr32bg22-series-2-socs","success","markdown","C:\KICAD_SCRAPE\ingest_v2\markdown\url_000286-silabs.com-wireless-bluetooth-efr32bg22-series-2-socs-1ff7b87312.md","html_converted_to_markdown"
"2026-05-10 12:30:15","https://www.snapeda.com/about/import","success","markdown","C:\KICAD_SCRAPE\ingest_v2\markdown\url_000287-snapeda.com-about-import-566af6d196.md","html_converted_to_markdown"
"2026-05-10 12:30:16","https://www.snapeda.com/kicad","success","markdown","C:\KICAD_SCRAPE\ingest_v2\markdown\url_000288-snapeda.com-kicad-ee6a1ac3a8.md","html_converted_to_markdown"
"2026-05-10 12:33:17","https://www.st.com/resource/en/application_note/an4871-usb-typec-protection-and-filtering-stmicroelectronics.pdf","failed","","","The operation has timed out."
"2026-05-10 12:36:18","https://www.st.com/resource/en/datasheet/ecmf02-2hsmx6.pdf","failed","","","The operation has timed out."
"2026-05-10 12:36:20","https://www.ti.com/lit/an/scaa048/scaa048.pdf","success","pdf","C:\KICAD_SCRAPE\ingest_v2\pdf\url_000291-ti.com-lit-an-scaa048-scaa048.pdf-1e7fe77c8e.pdf","pdf_extracted_python_pypdf"
"2026-05-10 12:36:22","https://www.ti.com/lit/an/scaa082a/scaa082a.pdf","success","pdf","C:\KICAD_SCRAPE\ingest_v2\pdf\url_000292-ti.com-lit-an-scaa082a-scaa082a.pdf-df695f7fec.pdf","pdf_extracted_python_pypdf"
"2026-05-10 12:36:24","https://www.ti.com/lit/an/slla368/slla368.pdf","success","pdf","C:\KICAD_SCRAPE\ingest_v2\pdf\url_000293-ti.com-lit-an-slla368-slla368.pdf-6e7fd23f3b.pdf","pdf_extracted_python_pypdf"
"2026-05-10 12:36:25","https://www.ti.com/lit/an/sllae16/sllae16.pdf","failed","","","The remote server returned an error: (404) Not Found."
"2026-05-10 12:36:27","https://www.ti.com/lit/an/slva054/slva054.pdf","success","pdf","C:\KICAD_SCRAPE\ingest_v2\pdf\url_000295-ti.com-lit-an-slva054-slva054.pdf-ebbba72d28.pdf","pdf_extracted_python_pypdf"
"2026-05-10 12:36:29","https://www.ti.com/lit/an/slva773/slva773.pdf","success","pdf","C:\KICAD_SCRAPE\ingest_v2\pdf\url_000296-ti.com-lit-an-slva773-slva773.pdf-c8e94b7996.pdf","pdf_extracted_python_pypdf"
"2026-05-10 12:36:33","https://www.ti.com/lit/an/slva959/slva959.pdf","success","pdf","C:\KICAD_SCRAPE\ingest_v2\pdf\url_000297-ti.com-lit-an-slva959-slva959.pdf-9fcff61298.pdf","pdf_extracted_python_pypdf"
"2026-05-10 12:36:35","https://www.ti.com/lit/an/slvae09/slvae09.pdf","success","pdf","C:\KICAD_SCRAPE\ingest_v2\pdf\url_000298-ti.com-lit-an-slvae09-slvae09.pdf-2da0648d18.pdf","pdf_extracted_python_pypdf"
"2026-05-10 12:36:37","https://www.ti.com/lit/an/slvaeq9/slvaeq9.pdf","success","pdf","C:\KICAD_SCRAPE\ingest_v2\pdf\url_000299-ti.com-lit-an-slvaeq9-slvaeq9.pdf-ee3f8d27c3.pdf","pdf_extracted_python_pypdf"
"2026-05-10 12:36:41","https://www.ti.com/lit/an/slvaew7/slvaew7.pdf","success","pdf","C:\KICAD_SCRAPE\ingest_v2\pdf\url_000300-ti.com-lit-an-slvaew7-slvaew7.pdf-7bcc3afd12.pdf","pdf_extracted_python_pypdf"
"2026-05-10 12:36:43","https://www.ti.com/lit/an/slvaf66/slvaf66.pdf","success","pdf","C:\KICAD_SCRAPE\ingest_v2\pdf\url_000301-ti.com-lit-an-slvaf66-slvaf66.pdf-70ce63cecd.pdf","pdf_extracted_python_pypdf"
"2026-05-10 12:36:45","https://www.ti.com/lit/an/snva021c/snva021c.pdf","success","pdf","C:\KICAD_SCRAPE\ingest_v2\pdf\url_000302-ti.com-lit-an-snva021c-snva021c.pdf-886b5ba014.pdf","pdf_extracted_python_pypdf"
"2026-05-10 12:36:46","https://www.ti.com/lit/an/snva803/snva803.pdf","success","pdf","C:\KICAD_SCRAPE\ingest_v2\pdf\url_000303-ti.com-lit-an-snva803-snva803.pdf-74375d6d5d.pdf","pdf_extracted_python_pypdf"
"2026-05-10 12:36:49","https://www.ti.com/lit/an/szza009/szza009.pdf","success","pdf","C:\KICAD_SCRAPE\ingest_v2\pdf\url_000304-ti.com-lit-an-szza009-szza009.pdf-d8e5ae61c4.pdf","pdf_extracted_python_pypdf"
"2026-05-10 12:36:54","https://www.ti.com/lit/ds/symlink/lm2596.pdf","success","pdf","C:\KICAD_SCRAPE\ingest_v2\pdf\url_000305-ti.com-lit-ds-symlink-lm2596.pdf-968a8b88c5.pdf","pdf_extracted_python_pypdf"
"2026-05-10 12:36:59","https://www.ti.com/lit/ds/symlink/tpd2eusb30.pdf","success","pdf","C:\KICAD_SCRAPE\ingest_v2\pdf\url_000306-ti.com-lit-ds-symlink-tpd2eusb30.pdf-aadda894cd.pdf","pdf_extracted_python_pypdf"
"2026-05-10 12:37:05","https://www.ti.com/lit/ds/symlink/tpd4e05u06.pdf","success","pdf","C:\KICAD_SCRAPE\ingest_v2\pdf\url_000307-ti.com-lit-ds-symlink-tpd4e05u06.pdf-c6e49b3d97.pdf","pdf_extracted_python_pypdf"
"2026-05-10 12:37:11","https://www.ti.com/lit/ds/symlink/tps62130.pdf","success","pdf","C:\KICAD_SCRAPE\ingest_v2\pdf\url_000308-ti.com-lit-ds-symlink-tps62130.pdf-ddecc1ff24.pdf","pdf_extracted_python_pypdf"
"2026-05-10 12:37:15","https://www.ti.com/lit/ds/symlink/tps62135.pdf","success","pdf","C:\KICAD_SCRAPE\ingest_v2\pdf\url_000309-ti.com-lit-ds-symlink-tps62135.pdf-3fad5d5c9e.pdf","pdf_extracted_python_pypdf"
"2026-05-10 12:37:28","https://www.ti.com/lit/ds/symlink/tps62913.pdf","success","pdf","C:\KICAD_SCRAPE\ingest_v2\pdf\url_000310-ti.com-lit-ds-symlink-tps62913.pdf-da43457b97.pdf","pdf_extracted_python_pypdf"
"2026-05-10 12:37:30","https://www.ti.com/lit/pdf/slla414","success","markdown","C:\KICAD_SCRAPE\ingest_v2\markdown\url_000311-ti.com-lit-pdf-slla414-f060ca9a31.md","html_converted_to_markdown"
"2026-05-10 12:37:32","https://www.ti.com/lit/pdf/sllu149","success","markdown","C:\KICAD_SCRAPE\ingest_v2\markdown\url_000312-ti.com-lit-pdf-sllu149-c556cbd0c0.md","html_converted_to_markdown"
"2026-05-10 12:37:33","https://www.ti.com/lit/pdf/spraar7","success","markdown","C:\KICAD_SCRAPE\ingest_v2\markdown\url_000313-ti.com-lit-pdf-spraar7-0ba77cbb35.md","html_converted_to_markdown"
"2026-05-10 12:37:37","https://www.ultralibrarian.com/cad-vendors/kicad","success","markdown","C:\KICAD_SCRAPE\ingest_v2\markdown\url_000314-ultralibrarian.com-cad-vendors-kicad-439a8809c8.md","html_converted_to_markdown"
"2026-05-10 12:37:38","https://www.usb.org/document-library/usb-20-specification","success","markdown","C:\KICAD_SCRAPE\ingest_v2\markdown\url_000315-usb.org-document-library-usb-20-specification-4f54b408af.md","html_converted_to_markdown"
"2026-05-10 12:37:40","https://www.usb.org/document-library/usb-power-delivery","success","markdown","C:\KICAD_SCRAPE\ingest_v2\markdown\url_000316-usb.org-document-library-usb-power-delivery-8149d3a74e.md","html_converted_to_markdown"
"2026-05-10 12:37:41","https://www.usb.org/documents","success","markdown","C:\KICAD_SCRAPE\ingest_v2\markdown\url_000317-usb.org-documents-64d91757ad.md","html_converted_to_markdown"
"2026-05-10 12:37:42","https://www.usb.org/usb-charger-pd","success","markdown","C:\KICAD_SCRAPE\ingest_v2\markdown\url_000318-usb.org-usb-charger-pd-9b70c38ca1.md","html_converted_to_markdown"
"2026-05-10 12:37:44","https://www.usb.org/usb-type-cr-cable-and-connector-specification","success","markdown","C:\KICAD_SCRAPE\ingest_v2\markdown\url_000319-usb.org-usb-type-cr-cable-and-connector-specification-596fe435f1.md","html_converted_to_markdown"
"2026-05-10 12:37:46","https://www.wch-ic.com/products/CH32V003.html","success","markdown","C:\KICAD_SCRAPE\ingest_v2\markdown\url_000320-wch-ic.com-products-CH32V003.html-78bcb0d828.md","html_converted_to_markdown"
"2026-05-10 12:37:47","https://www.wch-ic.com/products/CH32V203.html","success","markdown","C:\KICAD_SCRAPE\ingest_v2\markdown\url_000321-wch-ic.com-products-CH32V203.html-6e4c8665ee.md","html_converted_to_markdown"
"2026-05-10 12:37:48","https://www.wch-ic.com/products/CH32V307.html","success","markdown","C:\KICAD_SCRAPE\ingest_v2\markdown\url_000322-wch-ic.com-products-CH32V307.html-65302cfe12.md","html_converted_to_markdown"
"2026-05-10 12:37:51","https://www.we-online.com/components/media/o150133v410%20ANP007d%20EN.pdf","success","pdf","C:\KICAD_SCRAPE\ingest_v2\pdf\url_000323-we-online.com-components-media-o150133v410-20ANP007d-20EN.pdf-8864784d3f.pdf","pdf_extracted_python_pypdf"
