script_path,syntax_status,safety_status,runnable_status,notes
03_TOOLS/windows/repos/SikuliX1/API/src/main/resources/images/_backup/_color/color.sikuli/color.py,FAIL,LOW_RISK_STATIC,BLOCKED_BY_SYNTAX_OR_TOOL,"File ""C:\Users\LJ\GitHub\KICAD_ENGINE\03_TOOLS\windows\repos\SikuliX1\API\src\main\resources\images\_backup\_color\color.sikuli\color.py"", line 15 print ""button:"", ib.next().getScore() ^^^^^^^^^^^^^^^^^^^^^^^^^^^^^^^^^^^^^ SyntaxError: Missing parentheses in call to 'print'. Did you mean print(...)?"
03_TOOLS/windows/repos/SikuliX1/IDE/src/main/resources/Lib/guide/guide.py,FAIL,LOW_RISK_STATIC,BLOCKED_BY_SYNTAX_OR_TOOL,"File ""C:\Users\LJ\GitHub\KICAD_ENGINE\03_TOOLS\windows\repos\SikuliX1\IDE\src\main\resources\Lib\guide\guide.py"", line 315 print steps ^^^^^^^^^^^ SyntaxError: Missing parentheses in call to 'print'. Did you mean print(...)?"
03_TOOLS/windows/repos/SikuliX1/IDE/src/main/resources/Lib/sikuli/SikuliImporter.py,FAIL,LOW_RISK_STATIC,BLOCKED_BY_SYNTAX_OR_TOOL,"File ""C:\Users\LJ\GitHub\KICAD_ENGINE\03_TOOLS\windows\repos\SikuliX1\IDE\src\main\resources\Lib\sikuli\SikuliImporter.py"", line 26 raise etype, evalue, etb ^ SyntaxError: invalid syntax"
03_TOOLS/windows/repos/SikuliX1/IDE/src/main/resources/scripts/sikuli2html.py,FAIL,LOW_RISK_STATIC,BLOCKED_BY_SYNTAX_OR_TOOL,"File ""C:\Users\LJ\GitHub\KICAD_ENGINE\03_TOOLS\windows\repos\SikuliX1\IDE\src\main\resources\scripts\sikuli2html.py"", line 144 except tokenize.TokenError, ex: ^^^^^^^^^^^^^^^^^^^^^^^ SyntaxError: multiple exception types must be parenthesized"
03_TOOLS/kicad/run_schematic_visual_check.ps1,PENDING_POWERSHELL_AST_PARSE,KICAD_SYSTEM_PATH_WRITE_REVIEW,PENDING_PARSE,
03_TOOLS/scripts/kicad_app_audit/audit_kicad_windows.ps1,PENDING_POWERSHELL_AST_PARSE,KICAD_SYSTEM_PATH_WRITE_REVIEW,PENDING_PARSE,
03_TOOLS/scripts/kicad_app_audit/check_kicad_cli.ps1,PENDING_POWERSHELL_AST_PARSE,KICAD_SYSTEM_PATH_WRITE_REVIEW,PENDING_PARSE,
03_TOOLS/scripts/kicad_app_audit/deep_kicad_folder_inventory.py,PASS,KICAD_SYSTEM_PATH_WRITE_REVIEW,SYNTAX_ONLY_NOT_EXECUTED,
03_TOOLS/scripts/kicad_app_audit/inventory_kicad_libraries.ps1,PENDING_POWERSHELL_AST_PARSE,KICAD_SYSTEM_PATH_WRITE_REVIEW,PENDING_PARSE,
03_TOOLS/scripts/kicad_automation_common.ps1,PENDING_POWERSHELL_AST_PARSE,KICAD_SYSTEM_PATH_WRITE_REVIEW,PENDING_PARSE,
03_TOOLS/scripts/kicad_engine_health_check.ps1,PENDING_POWERSHELL_AST_PARSE,KICAD_SYSTEM_PATH_WRITE_REVIEW,PENDING_PARSE,
03_TOOLS/scripts/kicad_libraries/kicad_library_common.py,PASS,KICAD_SYSTEM_PATH_WRITE_REVIEW,SYNTAX_ONLY_NOT_EXECUTED,
03_TOOLS/scripts/project_validation/validate_kicad_project.py,PASS,KICAD_SYSTEM_PATH_WRITE_REVIEW,SYNTAX_ONLY_NOT_EXECUTED,
03_TOOLS/scripts/visual/generate_schematic_closeups.py,PASS,NETWORK_OR_BROWSER_REVIEW,SYNTAX_ONLY_NOT_EXECUTED,
05_OUTPUTS/installer_smoke_test/KICAD_ENGINE_TEST_2026-05-03T00-18-33-993Z/03_TOOLS/scripts/kicad_app_audit/audit_kicad_windows.ps1,PENDING_POWERSHELL_AST_PARSE,KICAD_SYSTEM_PATH_WRITE_REVIEW,PENDING_PARSE,
05_OUTPUTS/installer_smoke_test/KICAD_ENGINE_TEST_2026-05-03T00-18-33-993Z/03_TOOLS/scripts/kicad_app_audit/check_kicad_cli.ps1,PENDING_POWERSHELL_AST_PARSE,KICAD_SYSTEM_PATH_WRITE_REVIEW,PENDING_PARSE,
05_OUTPUTS/installer_smoke_test/KICAD_ENGINE_TEST_2026-05-03T00-18-33-993Z/03_TOOLS/scripts/kicad_app_audit/inventory_kicad_libraries.ps1,PENDING_POWERSHELL_AST_PARSE,KICAD_SYSTEM_PATH_WRITE_REVIEW,PENDING_PARSE,
05_OUTPUTS/installer_smoke_test/KICAD_ENGINE_TEST_2026-05-03T00-18-33-993Z/03_TOOLS/scripts/kicad_automation_common.ps1,PENDING_POWERSHELL_AST_PARSE,KICAD_SYSTEM_PATH_WRITE_REVIEW,PENDING_PARSE,
05_OUTPUTS/installer_smoke_test/KICAD_ENGINE_TEST_2026-05-03T00-18-33-993Z/03_TOOLS/scripts/kicad_engine_health_check.ps1,PENDING_POWERSHELL_AST_PARSE,KICAD_SYSTEM_PATH_WRITE_REVIEW,PENDING_PARSE,
05_OUTPUTS/installer_smoke_test/KICAD_ENGINE_TEST_2026-05-03T00-18-33-993Z/03_TOOLS/scripts/kicad_libraries/kicad_library_common.py,PASS,KICAD_SYSTEM_PATH_WRITE_REVIEW,SYNTAX_ONLY_NOT_EXECUTED,
05_OUTPUTS/installer_smoke_test/KICAD_ENGINE_TEST_2026-05-03T00-18-33-993Z/03_TOOLS/scripts/project_validation/validate_kicad_project.py,PASS,KICAD_SYSTEM_PATH_WRITE_REVIEW,SYNTAX_ONLY_NOT_EXECUTED,
05_OUTPUTS/installer_smoke_test/KICAD_ENGINE_TEST_2026-05-03T00-18-33-993Z/health_check.py,PASS,KICAD_SYSTEM_PATH_WRITE_REVIEW,SYNTAX_ONLY_NOT_EXECUTED,
05_OUTPUTS/installer_smoke_test/KICAD_ENGINE_TEST_2026-05-03T00-18-33-993Z/setup/linux/install_missing_linux_tools.sh,NOT_RUN_BASH_UNAVAILABLE,INSTALL_COMMAND_REVIEW,NOT_EXECUTED,
05_OUTPUTS/installer_smoke_test/KICAD_ENGINE_TEST_2026-05-03T00-18-33-993Z/setup/macos/install_missing_macos_tools.sh,NOT_RUN_BASH_UNAVAILABLE,INSTALL_COMMAND_REVIEW;NO_OBVIOUS_DRY_RUN_GATE,NOT_EXECUTED,
05_OUTPUTS/installer_smoke_test/KICAD_ENGINE_TEST_2026-05-03T00-18-33-993Z/setup/windows/install_missing_windows_tools.ps1,PENDING_POWERSHELL_AST_PARSE,INSTALL_COMMAND_REVIEW,PENDING_PARSE,
31_PLAYWRIGHT_RESEARCH_PIPELINE/scripts/browser_research_public_page.js,PASS,NETWORK_OR_BROWSER_REVIEW,SYNTAX_ONLY_NOT_EXECUTED,
health_check.py,PASS,KICAD_SYSTEM_PATH_WRITE_REVIEW,SYNTAX_ONLY_NOT_EXECUTED,
installer/build/windows/win-unpacked/resources/payload/repo-template/03_TOOLS/scripts/kicad_app_audit/audit_kicad_windows.ps1,PENDING_POWERSHELL_AST_PARSE,KICAD_SYSTEM_PATH_WRITE_REVIEW,PENDING_PARSE,
installer/build/windows/win-unpacked/resources/payload/repo-template/03_TOOLS/scripts/kicad_app_audit/check_kicad_cli.ps1,PENDING_POWERSHELL_AST_PARSE,KICAD_SYSTEM_PATH_WRITE_REVIEW,PENDING_PARSE,
installer/build/windows/win-unpacked/resources/payload/repo-template/03_TOOLS/scripts/kicad_app_audit/inventory_kicad_libraries.ps1,PENDING_POWERSHELL_AST_PARSE,KICAD_SYSTEM_PATH_WRITE_REVIEW,PENDING_PARSE,
installer/build/windows/win-unpacked/resources/payload/repo-template/03_TOOLS/scripts/kicad_automation_common.ps1,PENDING_POWERSHELL_AST_PARSE,KICAD_SYSTEM_PATH_WRITE_REVIEW,PENDING_PARSE,
installer/build/windows/win-unpacked/resources/payload/repo-template/03_TOOLS/scripts/kicad_engine_health_check.ps1,PENDING_POWERSHELL_AST_PARSE,KICAD_SYSTEM_PATH_WRITE_REVIEW,PENDING_PARSE,
installer/build/windows/win-unpacked/resources/payload/repo-template/03_TOOLS/scripts/kicad_libraries/kicad_library_common.py,PASS,KICAD_SYSTEM_PATH_WRITE_REVIEW,SYNTAX_ONLY_NOT_EXECUTED,
installer/build/windows/win-unpacked/resources/payload/repo-template/03_TOOLS/scripts/project_validation/validate_kicad_project.py,PASS,KICAD_SYSTEM_PATH_WRITE_REVIEW,SYNTAX_ONLY_NOT_EXECUTED,
installer/build/windows/win-unpacked/resources/payload/repo-template/health_check.py,PASS,KICAD_SYSTEM_PATH_WRITE_REVIEW,SYNTAX_ONLY_NOT_EXECUTED,
installer/build/windows/win-unpacked/resources/payload/repo-template/setup/linux/install_missing_linux_tools.sh,NOT_RUN_BASH_UNAVAILABLE,INSTALL_COMMAND_REVIEW,NOT_EXECUTED,
installer/build/windows/win-unpacked/resources/payload/repo-template/setup/macos/install_missing_macos_tools.sh,NOT_RUN_BASH_UNAVAILABLE,INSTALL_COMMAND_REVIEW;NO_OBVIOUS_DRY_RUN_GATE,NOT_EXECUTED,
installer/build/windows/win-unpacked/resources/payload/repo-template/setup/windows/install_missing_windows_tools.ps1,PENDING_POWERSHELL_AST_PARSE,INSTALL_COMMAND_REVIEW,PENDING_PARSE,
installer/payload/build_payload.py,PASS,DESTRUCTIVE_PATTERN_REVIEW,SYNTAX_ONLY_NOT_EXECUTED,
installer/src/installer-core/workspaceCreate.js,PASS,KICAD_SYSTEM_PATH_WRITE_REVIEW,SYNTAX_ONLY_NOT_EXECUTED,
installer/src/main.js,PASS,NETWORK_OR_BROWSER_REVIEW,SYNTAX_ONLY_NOT_EXECUTED,
setup/linux/install_missing_linux_tools.sh,NOT_RUN_BASH_UNAVAILABLE,INSTALL_COMMAND_REVIEW,NOT_EXECUTED,
setup/macos/check_macos_requirements.sh,NOT_RUN_BASH_UNAVAILABLE,KICAD_SYSTEM_PATH_WRITE_REVIEW,NOT_EXECUTED,
setup/macos/install_missing_macos_tools.sh,NOT_RUN_BASH_UNAVAILABLE,INSTALL_COMMAND_REVIEW,NOT_EXECUTED,
setup/windows/install_missing_windows_tools.ps1,PENDING_POWERSHELL_AST_PARSE,INSTALL_COMMAND_REVIEW,PENDING_PARSE,
03_TOOLS/linux/scripts/check_linux_kicad_env.sh,NOT_RUN_BASH_UNAVAILABLE,LOW_RISK_STATIC,NOT_EXECUTED,
03_TOOLS/linux/scripts/wmctrl/list_windows.sh,NOT_RUN_BASH_UNAVAILABLE,LOW_RISK_STATIC,NOT_EXECUTED,
03_TOOLS/linux/scripts/xdotool/list_windows.sh,NOT_RUN_BASH_UNAVAILABLE,LOW_RISK_STATIC,NOT_EXECUTED,
03_TOOLS/linux/scripts/xvfb/run_kicad_headless_check.sh,NOT_RUN_BASH_UNAVAILABLE,LOW_RISK_STATIC,NOT_EXECUTED,
03_TOOLS/scripts/ai_quality/ai_quality_common.py,PASS,LOW_RISK_STATIC,SYNTAX_ONLY_NOT_EXECUTED,
03_TOOLS/scripts/ai_quality/build_ai_quality_index.py,PASS,LOW_RISK_STATIC,SYNTAX_ONLY_NOT_EXECUTED,
03_TOOLS/scripts/ai_quality/build_current_known_problems.py,PASS,LOW_RISK_STATIC,SYNTAX_ONLY_NOT_EXECUTED,
03_TOOLS/scripts/ai_quality/create_ai_self_review.py,PASS,LOW_RISK_STATIC,SYNTAX_ONLY_NOT_EXECUTED,
03_TOOLS/scripts/ai_quality/create_claim_evidence_matrix.py,PASS,LOW_RISK_STATIC,SYNTAX_ONLY_NOT_EXECUTED,
03_TOOLS/scripts/ai_quality/create_hallucination_risk_log.py,PASS,LOW_RISK_STATIC,SYNTAX_ONLY_NOT_EXECUTED,
03_TOOLS/scripts/ai_quality/create_quality_gate_failure.py,PASS,LOW_RISK_STATIC,SYNTAX_ONLY_NOT_EXECUTED,
03_TOOLS/scripts/ai_quality/create_response_scorecard.py,PASS,LOW_RISK_STATIC,SYNTAX_ONLY_NOT_EXECUTED,
03_TOOLS/scripts/ai_quality/create_uncertainty_log.py,PASS,LOW_RISK_STATIC,SYNTAX_ONLY_NOT_EXECUTED,
03_TOOLS/scripts/backup_kicad_project.ps1,PENDING_POWERSHELL_AST_PARSE,LOW_RISK_STATIC,PENDING_PARSE,
03_TOOLS/scripts/datasheet_tree/create_microcontroller_family_content.py,PASS,LOW_RISK_STATIC,SYNTAX_ONLY_NOT_EXECUTED,
03_TOOLS/scripts/datasheets/build_datasheet_index.py,PASS,LOW_RISK_STATIC,SYNTAX_ONLY_NOT_EXECUTED,
03_TOOLS/scripts/datasheets/build_stm32_ai_datasheet_tree.py,PASS,LOW_RISK_STATIC,SYNTAX_ONLY_NOT_EXECUTED,
03_TOOLS/scripts/datasheets/build_stm32_source_link_indexes.py,PASS,LOW_RISK_STATIC,SYNTAX_ONLY_NOT_EXECUTED,
03_TOOLS/scripts/datasheets/create_missing_datasheet_report.py,PASS,LOW_RISK_STATIC,SYNTAX_ONLY_NOT_EXECUTED,
03_TOOLS/scripts/datasheets/generate_component_summary_stub.py,PASS,LOW_RISK_STATIC,SYNTAX_ONLY_NOT_EXECUTED,
03_TOOLS/scripts/datasheets/validate_datasheet_links.py,PASS,LOW_RISK_STATIC,SYNTAX_ONLY_NOT_EXECUTED,
03_TOOLS/scripts/export_bom.ps1,PENDING_POWERSHELL_AST_PARSE,LOW_RISK_STATIC,PENDING_PARSE,
03_TOOLS/scripts/export_drill.ps1,PENDING_POWERSHELL_AST_PARSE,LOW_RISK_STATIC,PENDING_PARSE,
03_TOOLS/scripts/export_gerbers.ps1,PENDING_POWERSHELL_AST_PARSE,LOW_RISK_STATIC,PENDING_PARSE,
03_TOOLS/scripts/export_step.ps1,PENDING_POWERSHELL_AST_PARSE,LOW_RISK_STATIC,PENDING_PARSE,
03_TOOLS/scripts/find_kicad_project_files.ps1,PENDING_POWERSHELL_AST_PARSE,LOW_RISK_STATIC,PENDING_PARSE,
03_TOOLS/scripts/full_verify_project.ps1,PENDING_POWERSHELL_AST_PARSE,LOW_RISK_STATIC,PENDING_PARSE,
03_TOOLS/scripts/indexing/build_history_index.py,PASS,LOW_RISK_STATIC,SYNTAX_ONLY_NOT_EXECUTED,
03_TOOLS/scripts/indexing/build_known_problems.py,PASS,LOW_RISK_STATIC,SYNTAX_ONLY_NOT_EXECUTED,
03_TOOLS/scripts/indexing/build_memory_index.py,PASS,LOW_RISK_STATIC,SYNTAX_ONLY_NOT_EXECUTED,
03_TOOLS/scripts/indexing/build_repo_index.py,PASS,LOW_RISK_STATIC,SYNTAX_ONLY_NOT_EXECUTED,
03_TOOLS/scripts/kicad_libraries/find_footprint_candidates.py,PASS,LOW_RISK_STATIC,SYNTAX_ONLY_NOT_EXECUTED,
03_TOOLS/scripts/kicad_libraries/find_symbol_candidates.py,PASS,LOW_RISK_STATIC,SYNTAX_ONLY_NOT_EXECUTED,
03_TOOLS/scripts/kicad_libraries/index_3d_models.py,PASS,LOW_RISK_STATIC,SYNTAX_ONLY_NOT_EXECUTED,
03_TOOLS/scripts/kicad_libraries/index_footprints.py,PASS,LOW_RISK_STATIC,SYNTAX_ONLY_NOT_EXECUTED,
03_TOOLS/scripts/kicad_libraries/index_symbols.py,PASS,LOW_RISK_STATIC,SYNTAX_ONLY_NOT_EXECUTED,
03_TOOLS/scripts/kicad_schematic_checks/check_bom_lock_alignment.py,PASS,LOW_RISK_STATIC,SYNTAX_ONLY_NOT_EXECUTED,
03_TOOLS/scripts/kicad_schematic_checks/check_needs_review_markers.py,PASS,LOW_RISK_STATIC,SYNTAX_ONLY_NOT_EXECUTED,
03_TOOLS/scripts/kicad_schematic_checks/check_schematic_annotation.py,PASS,LOW_RISK_STATIC,SYNTAX_ONLY_NOT_EXECUTED,
03_TOOLS/scripts/kicad_schematic_checks/check_schematic_completeness.py,PASS,LOW_RISK_STATIC,SYNTAX_ONLY_NOT_EXECUTED,
03_TOOLS/scripts/kicad_schematic_checks/schematic_check_common.py,PASS,LOW_RISK_STATIC,SYNTAX_ONLY_NOT_EXECUTED,
03_TOOLS/scripts/memory_history/build_history_index.py,PASS,LOW_RISK_STATIC,SYNTAX_ONLY_NOT_EXECUTED,
03_TOOLS/scripts/memory_history/build_memory_index.py,PASS,LOW_RISK_STATIC,SYNTAX_ONLY_NOT_EXECUTED,
03_TOOLS/scripts/memory_history/closeout_session.py,PASS,LOW_RISK_STATIC,SYNTAX_ONLY_NOT_EXECUTED,
03_TOOLS/scripts/memory_history/create_failed_attempt.py,PASS,LOW_RISK_STATIC,SYNTAX_ONLY_NOT_EXECUTED,
03_TOOLS/scripts/memory_history/create_issue_log.py,PASS,LOW_RISK_STATIC,SYNTAX_ONLY_NOT_EXECUTED,
03_TOOLS/scripts/memory_history/create_lesson_learned.py,PASS,LOW_RISK_STATIC,SYNTAX_ONLY_NOT_EXECUTED,
03_TOOLS/scripts/memory_history/create_session_log.py,PASS,LOW_RISK_STATIC,SYNTAX_ONLY_NOT_EXECUTED,
03_TOOLS/scripts/memory_history/create_user_correction.py,PASS,LOW_RISK_STATIC,SYNTAX_ONLY_NOT_EXECUTED,
03_TOOLS/scripts/memory_history/memory_history_common.py,PASS,LOW_RISK_STATIC,SYNTAX_ONLY_NOT_EXECUTED,
03_TOOLS/scripts/memory_history/update_global_memory_stub.py,PASS,LOW_RISK_STATIC,SYNTAX_ONLY_NOT_EXECUTED,
03_TOOLS/scripts/memory_history/update_project_memory_stub.py,PASS,LOW_RISK_STATIC,SYNTAX_ONLY_NOT_EXECUTED,
03_TOOLS/scripts/new_kicad_project_workspace.ps1,PENDING_POWERSHELL_AST_PARSE,LOW_RISK_STATIC,PENDING_PARSE,
03_TOOLS/scripts/project_validation/check_bom_has_datasheets.py,PASS,LOW_RISK_STATIC,SYNTAX_ONLY_NOT_EXECUTED,
03_TOOLS/scripts/project_validation/check_component_database_matches.py,PASS,LOW_RISK_STATIC,SYNTAX_ONLY_NOT_EXECUTED,
03_TOOLS/scripts/project_validation/check_connector_orientation_review_needed.py,PASS,LOW_RISK_STATIC,SYNTAX_ONLY_NOT_EXECUTED,
03_TOOLS/scripts/project_validation/check_missing_3d_models.py,PASS,LOW_RISK_STATIC,SYNTAX_ONLY_NOT_EXECUTED,
03_TOOLS/scripts/project_validation/check_missing_footprints.py,PASS,LOW_RISK_STATIC,SYNTAX_ONLY_NOT_EXECUTED,
03_TOOLS/scripts/project_validation/check_project_libraries.py,PASS,LOW_RISK_STATIC,SYNTAX_ONLY_NOT_EXECUTED,
03_TOOLS/scripts/project_validation/check_unconnected_power.py,PASS,LOW_RISK_STATIC,SYNTAX_ONLY_NOT_EXECUTED,
03_TOOLS/scripts/project_validation/validate_kicad_project.ps1,PENDING_POWERSHELL_AST_PARSE,LOW_RISK_STATIC,PENDING_PARSE,
03_TOOLS/scripts/run_drc.ps1,PENDING_POWERSHELL_AST_PARSE,LOW_RISK_STATIC,PENDING_PARSE,
03_TOOLS/scripts/run_erc.ps1,PENDING_POWERSHELL_AST_PARSE,LOW_RISK_STATIC,PENDING_PARSE,
03_TOOLS/windows/repos/AutoHotkey/source/scripts/minman.js,PASS,LOW_RISK_STATIC,SYNTAX_ONLY_NOT_EXECUTED,
03_TOOLS/windows/repos/FlaUI/build.ps1,PENDING_POWERSHELL_AST_PARSE,LOW_RISK_STATIC,PENDING_PARSE,
03_TOOLS/windows/repos/SikuliX1/API/src/main/resources/htdocs/ControlBox.js,PASS,LOW_RISK_STATIC,SYNTAX_ONLY_NOT_EXECUTED,
03_TOOLS/windows/repos/SikuliX1/API/src/main/resources/images/images.py,PASS,LOW_RISK_STATIC,SYNTAX_ONLY_NOT_EXECUTED,
03_TOOLS/windows/repos/SikuliX1/IDE/src/main/resources/Lib/HTMLTestRunner.py,PASS,LOW_RISK_STATIC,SYNTAX_ONLY_NOT_EXECUTED,
03_TOOLS/windows/repos/SikuliX1/IDE/src/main/resources/Lib/XMLTestRunner1.py,PASS,LOW_RISK_STATIC,SYNTAX_ONLY_NOT_EXECUTED,
03_TOOLS/windows/repos/SikuliX1/IDE/src/main/resources/Lib/XMLTestRunner2.py,PASS,LOW_RISK_STATIC,SYNTAX_ONLY_NOT_EXECUTED,
03_TOOLS/windows/repos/SikuliX1/IDE/src/main/resources/Lib/guide/__init__.py,PASS,LOW_RISK_STATIC,SYNTAX_ONLY_NOT_EXECUTED,
03_TOOLS/windows/repos/SikuliX1/IDE/src/main/resources/Lib/sikuli/Env.py,PASS,LOW_RISK_STATIC,SYNTAX_ONLY_NOT_EXECUTED,
03_TOOLS/windows/repos/SikuliX1/IDE/src/main/resources/Lib/sikuli/Finder.py,PASS,LOW_RISK_STATIC,SYNTAX_ONLY_NOT_EXECUTED,
03_TOOLS/windows/repos/SikuliX1/IDE/src/main/resources/Lib/sikuli/Region.py,PASS,LOW_RISK_STATIC,SYNTAX_ONLY_NOT_EXECUTED,
03_TOOLS/windows/repos/SikuliX1/IDE/src/main/resources/Lib/sikuli/Screen.py,PASS,LOW_RISK_STATIC,SYNTAX_ONLY_NOT_EXECUTED,
03_TOOLS/windows/repos/SikuliX1/IDE/src/main/resources/Lib/sikuli/Sikuli.py,PASS,LOW_RISK_STATIC,SYNTAX_ONLY_NOT_EXECUTED,
03_TOOLS/windows/repos/SikuliX1/IDE/src/main/resources/Lib/sikuli/__init__.py,PASS,LOW_RISK_STATIC,SYNTAX_ONLY_NOT_EXECUTED,
03_TOOLS/windows/repos/SikuliX1/IDE/src/main/resources/Lib/xlrd/__init__.py,PASS,LOW_RISK_STATIC,SYNTAX_ONLY_NOT_EXECUTED,
03_TOOLS/windows/repos/SikuliX1/IDE/src/main/resources/Lib/xlrd/biffh.py,PASS,LOW_RISK_STATIC,SYNTAX_ONLY_NOT_EXECUTED,
03_TOOLS/windows/repos/SikuliX1/IDE/src/main/resources/Lib/xlrd/book.py,PASS,LOW_RISK_STATIC,SYNTAX_ONLY_NOT_EXECUTED,
03_TOOLS/windows/repos/SikuliX1/IDE/src/main/resources/Lib/xlrd/compdoc.py,PASS,LOW_RISK_STATIC,SYNTAX_ONLY_NOT_EXECUTED,
03_TOOLS/windows/repos/SikuliX1/IDE/src/main/resources/Lib/xlrd/formatting.py,PASS,LOW_RISK_STATIC,SYNTAX_ONLY_NOT_EXECUTED,
03_TOOLS/windows/repos/SikuliX1/IDE/src/main/resources/Lib/xlrd/formula.py,PASS,LOW_RISK_STATIC,SYNTAX_ONLY_NOT_EXECUTED,
03_TOOLS/windows/repos/SikuliX1/IDE/src/main/resources/Lib/xlrd/info.py,PASS,LOW_RISK_STATIC,SYNTAX_ONLY_NOT_EXECUTED,
03_TOOLS/windows/repos/SikuliX1/IDE/src/main/resources/Lib/xlrd/sheet.py,PASS,LOW_RISK_STATIC,SYNTAX_ONLY_NOT_EXECUTED,
03_TOOLS/windows/repos/SikuliX1/IDE/src/main/resources/Lib/xlrd/timemachine.py,PASS,LOW_RISK_STATIC,SYNTAX_ONLY_NOT_EXECUTED,
03_TOOLS/windows/repos/SikuliX1/IDE/src/main/resources/Lib/xlrd/xldate.py,PASS,LOW_RISK_STATIC,SYNTAX_ONLY_NOT_EXECUTED,
03_TOOLS/windows/repos/SikuliX1/IDE/src/main/resources/Lib/xlrd/xlsx.py,PASS,LOW_RISK_STATIC,SYNTAX_ONLY_NOT_EXECUTED,
03_TOOLS/windows/repos/SikuliX1/IDE/src/main/resources/Lib/xlutils/__init__.py,PASS,LOW_RISK_STATIC,SYNTAX_ONLY_NOT_EXECUTED,
03_TOOLS/windows/repos/SikuliX1/IDE/src/main/resources/Lib/xlutils/compat.py,PASS,LOW_RISK_STATIC,SYNTAX_ONLY_NOT_EXECUTED,
03_TOOLS/windows/repos/SikuliX1/IDE/src/main/resources/Lib/xlutils/copy.py,PASS,LOW_RISK_STATIC,SYNTAX_ONLY_NOT_EXECUTED,
03_TOOLS/windows/repos/SikuliX1/IDE/src/main/resources/Lib/xlutils/display.py,PASS,LOW_RISK_STATIC,SYNTAX_ONLY_NOT_EXECUTED,
03_TOOLS/windows/repos/SikuliX1/IDE/src/main/resources/Lib/xlutils/filter.py,PASS,LOW_RISK_STATIC,SYNTAX_ONLY_NOT_EXECUTED,
03_TOOLS/windows/repos/SikuliX1/IDE/src/main/resources/Lib/xlutils/margins.py,PASS,LOW_RISK_STATIC,SYNTAX_ONLY_NOT_EXECUTED,
03_TOOLS/windows/repos/SikuliX1/IDE/src/main/resources/Lib/xlutils/save.py,PASS,LOW_RISK_STATIC,SYNTAX_ONLY_NOT_EXECUTED,
03_TOOLS/windows/repos/SikuliX1/IDE/src/main/resources/Lib/xlutils/styles.py,PASS,LOW_RISK_STATIC,SYNTAX_ONLY_NOT_EXECUTED,
03_TOOLS/windows/repos/SikuliX1/IDE/src/main/resources/Lib/xlutils/view.py,PASS,LOW_RISK_STATIC,SYNTAX_ONLY_NOT_EXECUTED,
03_TOOLS/windows/repos/SikuliX1/IDE/src/main/resources/Lib/xlwt/BIFFRecords.py,PASS,LOW_RISK_STATIC,SYNTAX_ONLY_NOT_EXECUTED,
03_TOOLS/windows/repos/SikuliX1/IDE/src/main/resources/Lib/xlwt/Bitmap.py,PASS,LOW_RISK_STATIC,SYNTAX_ONLY_NOT_EXECUTED,
03_TOOLS/windows/repos/SikuliX1/IDE/src/main/resources/Lib/xlwt/Cell.py,PASS,LOW_RISK_STATIC,SYNTAX_ONLY_NOT_EXECUTED,
03_TOOLS/windows/repos/SikuliX1/IDE/src/main/resources/Lib/xlwt/Column.py,PASS,LOW_RISK_STATIC,SYNTAX_ONLY_NOT_EXECUTED,
03_TOOLS/windows/repos/SikuliX1/IDE/src/main/resources/Lib/xlwt/CompoundDoc.py,PASS,LOW_RISK_STATIC,SYNTAX_ONLY_NOT_EXECUTED,
03_TOOLS/windows/repos/SikuliX1/IDE/src/main/resources/Lib/xlwt/ExcelFormula.py,PASS,LOW_RISK_STATIC,SYNTAX_ONLY_NOT_EXECUTED,
03_TOOLS/windows/repos/SikuliX1/IDE/src/main/resources/Lib/xlwt/ExcelFormulaLexer.py,PASS,LOW_RISK_STATIC,SYNTAX_ONLY_NOT_EXECUTED,
03_TOOLS/windows/repos/SikuliX1/IDE/src/main/resources/Lib/xlwt/ExcelFormulaParser.py,PASS,LOW_RISK_STATIC,SYNTAX_ONLY_NOT_EXECUTED,
03_TOOLS/windows/repos/SikuliX1/IDE/src/main/resources/Lib/xlwt/ExcelMagic.py,PASS,LOW_RISK_STATIC,SYNTAX_ONLY_NOT_EXECUTED,
03_TOOLS/windows/repos/SikuliX1/IDE/src/main/resources/Lib/xlwt/Formatting.py,PASS,LOW_RISK_STATIC,SYNTAX_ONLY_NOT_EXECUTED,
03_TOOLS/windows/repos/SikuliX1/IDE/src/main/resources/Lib/xlwt/Row.py,PASS,LOW_RISK_STATIC,SYNTAX_ONLY_NOT_EXECUTED,
03_TOOLS/windows/repos/SikuliX1/IDE/src/main/resources/Lib/xlwt/Style.py,PASS,LOW_RISK_STATIC,SYNTAX_ONLY_NOT_EXECUTED,
03_TOOLS/windows/repos/SikuliX1/IDE/src/main/resources/Lib/xlwt/UnicodeUtils.py,PASS,LOW_RISK_STATIC,SYNTAX_ONLY_NOT_EXECUTED,
03_TOOLS/windows/repos/SikuliX1/IDE/src/main/resources/Lib/xlwt/Utils.py,PASS,LOW_RISK_STATIC,SYNTAX_ONLY_NOT_EXECUTED,
03_TOOLS/windows/repos/SikuliX1/IDE/src/main/resources/Lib/xlwt/Workbook.py,PASS,LOW_RISK_STATIC,SYNTAX_ONLY_NOT_EXECUTED,
03_TOOLS/windows/repos/SikuliX1/IDE/src/main/resources/Lib/xlwt/Worksheet.py,PASS,LOW_RISK_STATIC,SYNTAX_ONLY_NOT_EXECUTED,
03_TOOLS/windows/repos/SikuliX1/IDE/src/main/resources/Lib/xlwt/__init__.py,PASS,LOW_RISK_STATIC,SYNTAX_ONLY_NOT_EXECUTED,
03_TOOLS/windows/repos/SikuliX1/IDE/src/main/resources/Lib/xlwt/antlr.py,PASS,LOW_RISK_STATIC,SYNTAX_ONLY_NOT_EXECUTED,
03_TOOLS/windows/repos/SikuliX1/IDE/src/main/resources/Lib/xlwt/compat.py,PASS,LOW_RISK_STATIC,SYNTAX_ONLY_NOT_EXECUTED,
03_TOOLS/windows/repos/SikuliX1/IDE/src/main/resources/scripts/testRun/testRun.py,PASS,LOW_RISK_STATIC,SYNTAX_ONLY_NOT_EXECUTED,
03_TOOLS/windows/scripts/kicad_window_filter.py,PASS,LOW_RISK_STATIC,SYNTAX_ONLY_NOT_EXECUTED,
03_TOOLS/windows/scripts/pywinauto/inspect_kicad_uia.py,PASS,LOW_RISK_STATIC,SYNTAX_ONLY_NOT_EXECUTED,
03_TOOLS/windows/scripts/pywinauto/inspect_kicad_win32.py,PASS,LOW_RISK_STATIC,SYNTAX_ONLY_NOT_EXECUTED,
03_TOOLS/windows/scripts/screenshots/capture_kicad_window.py,PASS,LOW_RISK_STATIC,SYNTAX_ONLY_NOT_EXECUTED,
03_TOOLS/windows/scripts/screenshots/take_screenshot.py,PASS,LOW_RISK_STATIC,SYNTAX_ONLY_NOT_EXECUTED,
03_TOOLS/windows/scripts/window_discovery/discover_kicad_windows.py,PASS,LOW_RISK_STATIC,SYNTAX_ONLY_NOT_EXECUTED,
03_TOOLS/windows/scripts/window_discovery/discover_windows.py,PASS,LOW_RISK_STATIC,SYNTAX_ONLY_NOT_EXECUTED,
05_OUTPUTS/installer_smoke_test/KICAD_ENGINE_TEST_2026-05-03T00-18-33-993Z/03_TOOLS/linux/scripts/check_linux_kicad_env.sh,NOT_RUN_BASH_UNAVAILABLE,LOW_RISK_STATIC,NOT_EXECUTED,
05_OUTPUTS/installer_smoke_test/KICAD_ENGINE_TEST_2026-05-03T00-18-33-993Z/03_TOOLS/linux/scripts/wmctrl/list_windows.sh,NOT_RUN_BASH_UNAVAILABLE,LOW_RISK_STATIC,NOT_EXECUTED,
05_OUTPUTS/installer_smoke_test/KICAD_ENGINE_TEST_2026-05-03T00-18-33-993Z/03_TOOLS/linux/scripts/xdotool/list_windows.sh,NOT_RUN_BASH_UNAVAILABLE,LOW_RISK_STATIC,NOT_EXECUTED,
05_OUTPUTS/installer_smoke_test/KICAD_ENGINE_TEST_2026-05-03T00-18-33-993Z/03_TOOLS/linux/scripts/xvfb/run_kicad_headless_check.sh,NOT_RUN_BASH_UNAVAILABLE,LOW_RISK_STATIC,NOT_EXECUTED,
05_OUTPUTS/installer_smoke_test/KICAD_ENGINE_TEST_2026-05-03T00-18-33-993Z/03_TOOLS/scripts/backup_kicad_project.ps1,PENDING_POWERSHELL_AST_PARSE,LOW_RISK_STATIC,PENDING_PARSE,
05_OUTPUTS/installer_smoke_test/KICAD_ENGINE_TEST_2026-05-03T00-18-33-993Z/03_TOOLS/scripts/datasheets/build_datasheet_index.py,PASS,LOW_RISK_STATIC,SYNTAX_ONLY_NOT_EXECUTED,
05_OUTPUTS/installer_smoke_test/KICAD_ENGINE_TEST_2026-05-03T00-18-33-993Z/03_TOOLS/scripts/datasheets/create_missing_datasheet_report.py,PASS,LOW_RISK_STATIC,SYNTAX_ONLY_NOT_EXECUTED,
05_OUTPUTS/installer_smoke_test/KICAD_ENGINE_TEST_2026-05-03T00-18-33-993Z/03_TOOLS/scripts/datasheets/generate_component_summary_stub.py,PASS,LOW_RISK_STATIC,SYNTAX_ONLY_NOT_EXECUTED,
05_OUTPUTS/installer_smoke_test/KICAD_ENGINE_TEST_2026-05-03T00-18-33-993Z/03_TOOLS/scripts/datasheets/validate_datasheet_links.py,PASS,LOW_RISK_STATIC,SYNTAX_ONLY_NOT_EXECUTED,
05_OUTPUTS/installer_smoke_test/KICAD_ENGINE_TEST_2026-05-03T00-18-33-993Z/03_TOOLS/scripts/export_bom.ps1,PENDING_POWERSHELL_AST_PARSE,LOW_RISK_STATIC,PENDING_PARSE,
05_OUTPUTS/installer_smoke_test/KICAD_ENGINE_TEST_2026-05-03T00-18-33-993Z/03_TOOLS/scripts/export_drill.ps1,PENDING_POWERSHELL_AST_PARSE,LOW_RISK_STATIC,PENDING_PARSE,
05_OUTPUTS/installer_smoke_test/KICAD_ENGINE_TEST_2026-05-03T00-18-33-993Z/03_TOOLS/scripts/export_gerbers.ps1,PENDING_POWERSHELL_AST_PARSE,LOW_RISK_STATIC,PENDING_PARSE,
05_OUTPUTS/installer_smoke_test/KICAD_ENGINE_TEST_2026-05-03T00-18-33-993Z/03_TOOLS/scripts/export_step.ps1,PENDING_POWERSHELL_AST_PARSE,LOW_RISK_STATIC,PENDING_PARSE,
05_OUTPUTS/installer_smoke_test/KICAD_ENGINE_TEST_2026-05-03T00-18-33-993Z/03_TOOLS/scripts/find_kicad_project_files.ps1,PENDING_POWERSHELL_AST_PARSE,LOW_RISK_STATIC,PENDING_PARSE,
05_OUTPUTS/installer_smoke_test/KICAD_ENGINE_TEST_2026-05-03T00-18-33-993Z/03_TOOLS/scripts/full_verify_project.ps1,PENDING_POWERSHELL_AST_PARSE,LOW_RISK_STATIC,PENDING_PARSE,
05_OUTPUTS/installer_smoke_test/KICAD_ENGINE_TEST_2026-05-03T00-18-33-993Z/03_TOOLS/scripts/kicad_libraries/find_footprint_candidates.py,PASS,LOW_RISK_STATIC,SYNTAX_ONLY_NOT_EXECUTED,
05_OUTPUTS/installer_smoke_test/KICAD_ENGINE_TEST_2026-05-03T00-18-33-993Z/03_TOOLS/scripts/kicad_libraries/find_symbol_candidates.py,PASS,LOW_RISK_STATIC,SYNTAX_ONLY_NOT_EXECUTED,
05_OUTPUTS/installer_smoke_test/KICAD_ENGINE_TEST_2026-05-03T00-18-33-993Z/03_TOOLS/scripts/kicad_libraries/index_3d_models.py,PASS,LOW_RISK_STATIC,SYNTAX_ONLY_NOT_EXECUTED,
05_OUTPUTS/installer_smoke_test/KICAD_ENGINE_TEST_2026-05-03T00-18-33-993Z/03_TOOLS/scripts/kicad_libraries/index_footprints.py,PASS,LOW_RISK_STATIC,SYNTAX_ONLY_NOT_EXECUTED,
05_OUTPUTS/installer_smoke_test/KICAD_ENGINE_TEST_2026-05-03T00-18-33-993Z/03_TOOLS/scripts/kicad_libraries/index_symbols.py,PASS,LOW_RISK_STATIC,SYNTAX_ONLY_NOT_EXECUTED,
05_OUTPUTS/installer_smoke_test/KICAD_ENGINE_TEST_2026-05-03T00-18-33-993Z/03_TOOLS/scripts/new_kicad_project_workspace.ps1,PENDING_POWERSHELL_AST_PARSE,LOW_RISK_STATIC,PENDING_PARSE,
05_OUTPUTS/installer_smoke_test/KICAD_ENGINE_TEST_2026-05-03T00-18-33-993Z/03_TOOLS/scripts/project_validation/check_bom_has_datasheets.py,PASS,LOW_RISK_STATIC,SYNTAX_ONLY_NOT_EXECUTED,
05_OUTPUTS/installer_smoke_test/KICAD_ENGINE_TEST_2026-05-03T00-18-33-993Z/03_TOOLS/scripts/project_validation/check_component_database_matches.py,PASS,LOW_RISK_STATIC,SYNTAX_ONLY_NOT_EXECUTED,
05_OUTPUTS/installer_smoke_test/KICAD_ENGINE_TEST_2026-05-03T00-18-33-993Z/03_TOOLS/scripts/project_validation/check_connector_orientation_review_needed.py,PASS,LOW_RISK_STATIC,SYNTAX_ONLY_NOT_EXECUTED,
05_OUTPUTS/installer_smoke_test/KICAD_ENGINE_TEST_2026-05-03T00-18-33-993Z/03_TOOLS/scripts/project_validation/check_missing_3d_models.py,PASS,LOW_RISK_STATIC,SYNTAX_ONLY_NOT_EXECUTED,
05_OUTPUTS/installer_smoke_test/KICAD_ENGINE_TEST_2026-05-03T00-18-33-993Z/03_TOOLS/scripts/project_validation/check_missing_footprints.py,PASS,LOW_RISK_STATIC,SYNTAX_ONLY_NOT_EXECUTED,
05_OUTPUTS/installer_smoke_test/KICAD_ENGINE_TEST_2026-05-03T00-18-33-993Z/03_TOOLS/scripts/project_validation/check_project_libraries.py,PASS,LOW_RISK_STATIC,SYNTAX_ONLY_NOT_EXECUTED,
05_OUTPUTS/installer_smoke_test/KICAD_ENGINE_TEST_2026-05-03T00-18-33-993Z/03_TOOLS/scripts/project_validation/check_unconnected_power.py,PASS,LOW_RISK_STATIC,SYNTAX_ONLY_NOT_EXECUTED,
05_OUTPUTS/installer_smoke_test/KICAD_ENGINE_TEST_2026-05-03T00-18-33-993Z/03_TOOLS/scripts/project_validation/validate_kicad_project.ps1,PENDING_POWERSHELL_AST_PARSE,LOW_RISK_STATIC,PENDING_PARSE,
05_OUTPUTS/installer_smoke_test/KICAD_ENGINE_TEST_2026-05-03T00-18-33-993Z/03_TOOLS/scripts/run_drc.ps1,PENDING_POWERSHELL_AST_PARSE,LOW_RISK_STATIC,PENDING_PARSE,
05_OUTPUTS/installer_smoke_test/KICAD_ENGINE_TEST_2026-05-03T00-18-33-993Z/03_TOOLS/scripts/run_erc.ps1,PENDING_POWERSHELL_AST_PARSE,LOW_RISK_STATIC,PENDING_PARSE,
05_OUTPUTS/installer_smoke_test/KICAD_ENGINE_TEST_2026-05-03T00-18-33-993Z/03_TOOLS/windows/scripts/kicad_window_filter.py,PASS,LOW_RISK_STATIC,SYNTAX_ONLY_NOT_EXECUTED,
05_OUTPUTS/installer_smoke_test/KICAD_ENGINE_TEST_2026-05-03T00-18-33-993Z/03_TOOLS/windows/scripts/pywinauto/inspect_kicad_uia.py,PASS,LOW_RISK_STATIC,SYNTAX_ONLY_NOT_EXECUTED,
05_OUTPUTS/installer_smoke_test/KICAD_ENGINE_TEST_2026-05-03T00-18-33-993Z/03_TOOLS/windows/scripts/pywinauto/inspect_kicad_win32.py,PASS,LOW_RISK_STATIC,SYNTAX_ONLY_NOT_EXECUTED,
05_OUTPUTS/installer_smoke_test/KICAD_ENGINE_TEST_2026-05-03T00-18-33-993Z/03_TOOLS/windows/scripts/screenshots/capture_kicad_window.py,PASS,LOW_RISK_STATIC,SYNTAX_ONLY_NOT_EXECUTED,
05_OUTPUTS/installer_smoke_test/KICAD_ENGINE_TEST_2026-05-03T00-18-33-993Z/03_TOOLS/windows/scripts/screenshots/take_screenshot.py,PASS,LOW_RISK_STATIC,SYNTAX_ONLY_NOT_EXECUTED,
05_OUTPUTS/installer_smoke_test/KICAD_ENGINE_TEST_2026-05-03T00-18-33-993Z/03_TOOLS/windows/scripts/window_discovery/discover_kicad_windows.py,PASS,LOW_RISK_STATIC,SYNTAX_ONLY_NOT_EXECUTED,
05_OUTPUTS/installer_smoke_test/KICAD_ENGINE_TEST_2026-05-03T00-18-33-993Z/03_TOOLS/windows/scripts/window_discovery/discover_windows.py,PASS,LOW_RISK_STATIC,SYNTAX_ONLY_NOT_EXECUTED,
05_OUTPUTS/installer_smoke_test/KICAD_ENGINE_TEST_2026-05-03T00-18-33-993Z/health_check.ps1,PENDING_POWERSHELL_AST_PARSE,LOW_RISK_STATIC,PENDING_PARSE,
05_OUTPUTS/installer_smoke_test/KICAD_ENGINE_TEST_2026-05-03T00-18-33-993Z/setup/common/build_indexes.py,PASS,LOW_RISK_STATIC,SYNTAX_ONLY_NOT_EXECUTED,
05_OUTPUTS/installer_smoke_test/KICAD_ENGINE_TEST_2026-05-03T00-18-33-993Z/setup/common/create_repo_folders.py,PASS,LOW_RISK_STATIC,SYNTAX_ONLY_NOT_EXECUTED,
05_OUTPUTS/installer_smoke_test/KICAD_ENGINE_TEST_2026-05-03T00-18-33-993Z/setup/common/write_setup_report.py,PASS,LOW_RISK_STATIC,SYNTAX_ONLY_NOT_EXECUTED,
05_OUTPUTS/installer_smoke_test/KICAD_ENGINE_TEST_2026-05-03T00-18-33-993Z/setup/linux/check_linux_requirements.sh,NOT_RUN_BASH_UNAVAILABLE,LOW_RISK_STATIC,NOT_EXECUTED,
05_OUTPUTS/installer_smoke_test/KICAD_ENGINE_TEST_2026-05-03T00-18-33-993Z/setup/linux/setup_linux.sh,NOT_RUN_BASH_UNAVAILABLE,LOW_RISK_STATIC,NOT_EXECUTED,
05_OUTPUTS/installer_smoke_test/KICAD_ENGINE_TEST_2026-05-03T00-18-33-993Z/setup/macos/check_macos_requirements.sh,NOT_RUN_BASH_UNAVAILABLE,LOW_RISK_STATIC,NOT_EXECUTED,
05_OUTPUTS/installer_smoke_test/KICAD_ENGINE_TEST_2026-05-03T00-18-33-993Z/setup/macos/setup_macos.sh,NOT_RUN_BASH_UNAVAILABLE,LOW_RISK_STATIC,NOT_EXECUTED,
05_OUTPUTS/installer_smoke_test/KICAD_ENGINE_TEST_2026-05-03T00-18-33-993Z/setup/windows/check_windows_requirements.ps1,PENDING_POWERSHELL_AST_PARSE,LOW_RISK_STATIC,PENDING_PARSE,
05_OUTPUTS/installer_smoke_test/KICAD_ENGINE_TEST_2026-05-03T00-18-33-993Z/setup/windows/setup_windows.ps1,PENDING_POWERSHELL_AST_PARSE,LOW_RISK_STATIC,PENDING_PARSE,
11_LIBRARY_FACTORY/scripts/compare_footprint_to_metadata.py,PASS,LOW_RISK_STATIC,SYNTAX_ONLY_NOT_EXECUTED,
11_LIBRARY_FACTORY/scripts/validate_footprint_file.py,PASS,LOW_RISK_STATIC,SYNTAX_ONLY_NOT_EXECUTED,
11_LIBRARY_FACTORY/scripts/validate_symbol_file.py,PASS,LOW_RISK_STATIC,SYNTAX_ONLY_NOT_EXECUTED,
13_PART_INGESTION/scripts/create_datasheet_summary_stub.py,PASS,LOW_RISK_STATIC,SYNTAX_ONLY_NOT_EXECUTED,
13_PART_INGESTION/scripts/create_footprint_checklist_stub.py,PASS,LOW_RISK_STATIC,SYNTAX_ONLY_NOT_EXECUTED,
13_PART_INGESTION/scripts/create_part_record_stub.py,PASS,LOW_RISK_STATIC,SYNTAX_ONLY_NOT_EXECUTED,
13_PART_INGESTION/scripts/create_symbol_checklist_stub.py,PASS,LOW_RISK_STATIC,SYNTAX_ONLY_NOT_EXECUTED,
28_SUPPLIER_INGESTION/connectors/digikey/digikey_connector.py,PASS,LOW_RISK_STATIC,SYNTAX_ONLY_NOT_EXECUTED,
28_SUPPLIER_INGESTION/connectors/jlcpcb/jlcpcb_connector.py,PASS,LOW_RISK_STATIC,SYNTAX_ONLY_NOT_EXECUTED,
28_SUPPLIER_INGESTION/connectors/lcsc/lcsc_connector.py,PASS,LOW_RISK_STATIC,SYNTAX_ONLY_NOT_EXECUTED,
28_SUPPLIER_INGESTION/connectors/mouser/mouser_connector.py,PASS,LOW_RISK_STATIC,SYNTAX_ONLY_NOT_EXECUTED,
28_SUPPLIER_INGESTION/scripts/build_supplier_index.py,PASS,LOW_RISK_STATIC,SYNTAX_ONLY_NOT_EXECUTED,
28_SUPPLIER_INGESTION/scripts/create_supplier_gap_report.py,PASS,LOW_RISK_STATIC,SYNTAX_ONLY_NOT_EXECUTED,
28_SUPPLIER_INGESTION/scripts/import_manual_csv.py,PASS,LOW_RISK_STATIC,SYNTAX_ONLY_NOT_EXECUTED,
28_SUPPLIER_INGESTION/scripts/match_supplier_parts_to_component_database.py,PASS,LOW_RISK_STATIC,SYNTAX_ONLY_NOT_EXECUTED,
28_SUPPLIER_INGESTION/scripts/match_supplier_parts_to_kicad_footprints.py,PASS,LOW_RISK_STATIC,SYNTAX_ONLY_NOT_EXECUTED,
28_SUPPLIER_INGESTION/scripts/normalize_supplier_part.py,PASS,LOW_RISK_STATIC,SYNTAX_ONLY_NOT_EXECUTED,
28_SUPPLIER_INGESTION/scripts/test_connectors_dry_run.py,PASS,LOW_RISK_STATIC,SYNTAX_ONLY_NOT_EXECUTED,
29_FOOTPRINT_GAP_ANALYSIS/scripts/create_missing_footprint_backlog.py,PASS,LOW_RISK_STATIC,SYNTAX_ONLY_NOT_EXECUTED,
29_FOOTPRINT_GAP_ANALYSIS/scripts/inventory_kicad_footprints.py,PASS,LOW_RISK_STATIC,SYNTAX_ONLY_NOT_EXECUTED,
29_FOOTPRINT_GAP_ANALYSIS/scripts/inventory_kicad_symbols.py,PASS,LOW_RISK_STATIC,SYNTAX_ONLY_NOT_EXECUTED,
29_FOOTPRINT_GAP_ANALYSIS/scripts/match_component_db_to_footprints.py,PASS,LOW_RISK_STATIC,SYNTAX_ONLY_NOT_EXECUTED,
30_SUPPLIER_FOOTPRINT_MATCHES/scripts/build_match_index.py,PASS,LOW_RISK_STATIC,SYNTAX_ONLY_NOT_EXECUTED,
30_SUPPLIER_FOOTPRINT_MATCHES/scripts/check_match_confidence.py,PASS,LOW_RISK_STATIC,SYNTAX_ONLY_NOT_EXECUTED,
30_SUPPLIER_FOOTPRINT_MATCHES/scripts/create_match_record.py,PASS,LOW_RISK_STATIC,SYNTAX_ONLY_NOT_EXECUTED,
30_SUPPLIER_FOOTPRINT_MATCHES/scripts/report_unmatched_supplier_parts.py,PASS,LOW_RISK_STATIC,SYNTAX_ONLY_NOT_EXECUTED,
31_PLAYWRIGHT_RESEARCH_PIPELINE/scripts/build_research_report.js,PASS,LOW_RISK_STATIC,SYNTAX_ONLY_NOT_EXECUTED,
31_PLAYWRIGHT_RESEARCH_PIPELINE/scripts/capture_source_evidence.js,PASS,LOW_RISK_STATIC,SYNTAX_ONLY_NOT_EXECUTED,
31_PLAYWRIGHT_RESEARCH_PIPELINE/scripts/dry_run_research_plan.js,PASS,LOW_RISK_STATIC,SYNTAX_ONLY_NOT_EXECUTED,
31_PLAYWRIGHT_RESEARCH_PIPELINE/scripts/extract_datasheet_links.js,PASS,LOW_RISK_STATIC,SYNTAX_ONLY_NOT_EXECUTED,
31_PLAYWRIGHT_RESEARCH_PIPELINE/scripts/extract_part_metadata.js,PASS,LOW_RISK_STATIC,SYNTAX_ONLY_NOT_EXECUTED,
31_PLAYWRIGHT_RESEARCH_PIPELINE/scripts/normalize_research_output.js,PASS,LOW_RISK_STATIC,SYNTAX_ONLY_NOT_EXECUTED,
31_PLAYWRIGHT_RESEARCH_PIPELINE/scripts/playwright.config.js,PASS,LOW_RISK_STATIC,SYNTAX_ONLY_NOT_EXECUTED,
31_PLAYWRIGHT_RESEARCH_PIPELINE/scripts/update_component_database_stubs.js,PASS,LOW_RISK_STATIC,SYNTAX_ONLY_NOT_EXECUTED,
31_PLAYWRIGHT_RESEARCH_PIPELINE/scripts/update_datasheet_source_indexes.js,PASS,LOW_RISK_STATIC,SYNTAX_ONLY_NOT_EXECUTED,
31_PLAYWRIGHT_RESEARCH_PIPELINE/scripts/update_supplier_indexes.js,PASS,LOW_RISK_STATIC,SYNTAX_ONLY_NOT_EXECUTED,
health_check.ps1,PENDING_POWERSHELL_AST_PARSE,LOW_RISK_STATIC,PENDING_PARSE,
installer/build/windows/win-unpacked/resources/payload/repo-template/03_TOOLS/linux/scripts/check_linux_kicad_env.sh,NOT_RUN_BASH_UNAVAILABLE,LOW_RISK_STATIC,NOT_EXECUTED,
installer/build/windows/win-unpacked/resources/payload/repo-template/03_TOOLS/linux/scripts/wmctrl/list_windows.sh,NOT_RUN_BASH_UNAVAILABLE,LOW_RISK_STATIC,NOT_EXECUTED,
installer/build/windows/win-unpacked/resources/payload/repo-template/03_TOOLS/linux/scripts/xdotool/list_windows.sh,NOT_RUN_BASH_UNAVAILABLE,LOW_RISK_STATIC,NOT_EXECUTED,
installer/build/windows/win-unpacked/resources/payload/repo-template/03_TOOLS/linux/scripts/xvfb/run_kicad_headless_check.sh,NOT_RUN_BASH_UNAVAILABLE,LOW_RISK_STATIC,NOT_EXECUTED,
installer/build/windows/win-unpacked/resources/payload/repo-template/03_TOOLS/scripts/backup_kicad_project.ps1,PENDING_POWERSHELL_AST_PARSE,LOW_RISK_STATIC,PENDING_PARSE,
installer/build/windows/win-unpacked/resources/payload/repo-template/03_TOOLS/scripts/datasheets/build_datasheet_index.py,PASS,LOW_RISK_STATIC,SYNTAX_ONLY_NOT_EXECUTED,
installer/build/windows/win-unpacked/resources/payload/repo-template/03_TOOLS/scripts/datasheets/create_missing_datasheet_report.py,PASS,LOW_RISK_STATIC,SYNTAX_ONLY_NOT_EXECUTED,
installer/build/windows/win-unpacked/resources/payload/repo-template/03_TOOLS/scripts/datasheets/generate_component_summary_stub.py,PASS,LOW_RISK_STATIC,SYNTAX_ONLY_NOT_EXECUTED,
installer/build/windows/win-unpacked/resources/payload/repo-template/03_TOOLS/scripts/datasheets/validate_datasheet_links.py,PASS,LOW_RISK_STATIC,SYNTAX_ONLY_NOT_EXECUTED,
installer/build/windows/win-unpacked/resources/payload/repo-template/03_TOOLS/scripts/export_bom.ps1,PENDING_POWERSHELL_AST_PARSE,LOW_RISK_STATIC,PENDING_PARSE,
installer/build/windows/win-unpacked/resources/payload/repo-template/03_TOOLS/scripts/export_drill.ps1,PENDING_POWERSHELL_AST_PARSE,LOW_RISK_STATIC,PENDING_PARSE,
installer/build/windows/win-unpacked/resources/payload/repo-template/03_TOOLS/scripts/export_gerbers.ps1,PENDING_POWERSHELL_AST_PARSE,LOW_RISK_STATIC,PENDING_PARSE,
installer/build/windows/win-unpacked/resources/payload/repo-template/03_TOOLS/scripts/export_step.ps1,PENDING_POWERSHELL_AST_PARSE,LOW_RISK_STATIC,PENDING_PARSE,
installer/build/windows/win-unpacked/resources/payload/repo-template/03_TOOLS/scripts/find_kicad_project_files.ps1,PENDING_POWERSHELL_AST_PARSE,LOW_RISK_STATIC,PENDING_PARSE,
installer/build/windows/win-unpacked/resources/payload/repo-template/03_TOOLS/scripts/full_verify_project.ps1,PENDING_POWERSHELL_AST_PARSE,LOW_RISK_STATIC,PENDING_PARSE,
installer/build/windows/win-unpacked/resources/payload/repo-template/03_TOOLS/scripts/kicad_libraries/find_footprint_candidates.py,PASS,LOW_RISK_STATIC,SYNTAX_ONLY_NOT_EXECUTED,
installer/build/windows/win-unpacked/resources/payload/repo-template/03_TOOLS/scripts/kicad_libraries/find_symbol_candidates.py,PASS,LOW_RISK_STATIC,SYNTAX_ONLY_NOT_EXECUTED,
installer/build/windows/win-unpacked/resources/payload/repo-template/03_TOOLS/scripts/kicad_libraries/index_3d_models.py,PASS,LOW_RISK_STATIC,SYNTAX_ONLY_NOT_EXECUTED,
installer/build/windows/win-unpacked/resources/payload/repo-template/03_TOOLS/scripts/kicad_libraries/index_footprints.py,PASS,LOW_RISK_STATIC,SYNTAX_ONLY_NOT_EXECUTED,
installer/build/windows/win-unpacked/resources/payload/repo-template/03_TOOLS/scripts/kicad_libraries/index_symbols.py,PASS,LOW_RISK_STATIC,SYNTAX_ONLY_NOT_EXECUTED,
installer/build/windows/win-unpacked/resources/payload/repo-template/03_TOOLS/scripts/new_kicad_project_workspace.ps1,PENDING_POWERSHELL_AST_PARSE,LOW_RISK_STATIC,PENDING_PARSE,
installer/build/windows/win-unpacked/resources/payload/repo-template/03_TOOLS/scripts/project_validation/check_bom_has_datasheets.py,PASS,LOW_RISK_STATIC,SYNTAX_ONLY_NOT_EXECUTED,
installer/build/windows/win-unpacked/resources/payload/repo-template/03_TOOLS/scripts/project_validation/check_component_database_matches.py,PASS,LOW_RISK_STATIC,SYNTAX_ONLY_NOT_EXECUTED,
installer/build/windows/win-unpacked/resources/payload/repo-template/03_TOOLS/scripts/project_validation/check_connector_orientation_review_needed.py,PASS,LOW_RISK_STATIC,SYNTAX_ONLY_NOT_EXECUTED,
installer/build/windows/win-unpacked/resources/payload/repo-template/03_TOOLS/scripts/project_validation/check_missing_3d_models.py,PASS,LOW_RISK_STATIC,SYNTAX_ONLY_NOT_EXECUTED,
installer/build/windows/win-unpacked/resources/payload/repo-template/03_TOOLS/scripts/project_validation/check_missing_footprints.py,PASS,LOW_RISK_STATIC,SYNTAX_ONLY_NOT_EXECUTED,
installer/build/windows/win-unpacked/resources/payload/repo-template/03_TOOLS/scripts/project_validation/check_project_libraries.py,PASS,LOW_RISK_STATIC,SYNTAX_ONLY_NOT_EXECUTED,
installer/build/windows/win-unpacked/resources/payload/repo-template/03_TOOLS/scripts/project_validation/check_unconnected_power.py,PASS,LOW_RISK_STATIC,SYNTAX_ONLY_NOT_EXECUTED,
installer/build/windows/win-unpacked/resources/payload/repo-template/03_TOOLS/scripts/project_validation/validate_kicad_project.ps1,PENDING_POWERSHELL_AST_PARSE,LOW_RISK_STATIC,PENDING_PARSE,
installer/build/windows/win-unpacked/resources/payload/repo-template/03_TOOLS/scripts/run_drc.ps1,PENDING_POWERSHELL_AST_PARSE,LOW_RISK_STATIC,PENDING_PARSE,
installer/build/windows/win-unpacked/resources/payload/repo-template/03_TOOLS/scripts/run_erc.ps1,PENDING_POWERSHELL_AST_PARSE,LOW_RISK_STATIC,PENDING_PARSE,
installer/build/windows/win-unpacked/resources/payload/repo-template/03_TOOLS/windows/scripts/kicad_window_filter.py,PASS,LOW_RISK_STATIC,SYNTAX_ONLY_NOT_EXECUTED,
installer/build/windows/win-unpacked/resources/payload/repo-template/03_TOOLS/windows/scripts/pywinauto/inspect_kicad_uia.py,PASS,LOW_RISK_STATIC,SYNTAX_ONLY_NOT_EXECUTED,
installer/build/windows/win-unpacked/resources/payload/repo-template/03_TOOLS/windows/scripts/pywinauto/inspect_kicad_win32.py,PASS,LOW_RISK_STATIC,SYNTAX_ONLY_NOT_EXECUTED,
installer/build/windows/win-unpacked/resources/payload/repo-template/03_TOOLS/windows/scripts/screenshots/capture_kicad_window.py,PASS,LOW_RISK_STATIC,SYNTAX_ONLY_NOT_EXECUTED,
installer/build/windows/win-unpacked/resources/payload/repo-template/03_TOOLS/windows/scripts/screenshots/take_screenshot.py,PASS,LOW_RISK_STATIC,SYNTAX_ONLY_NOT_EXECUTED,
installer/build/windows/win-unpacked/resources/payload/repo-template/03_TOOLS/windows/scripts/window_discovery/discover_kicad_windows.py,PASS,LOW_RISK_STATIC,SYNTAX_ONLY_NOT_EXECUTED,
installer/build/windows/win-unpacked/resources/payload/repo-template/03_TOOLS/windows/scripts/window_discovery/discover_windows.py,PASS,LOW_RISK_STATIC,SYNTAX_ONLY_NOT_EXECUTED,
installer/build/windows/win-unpacked/resources/payload/repo-template/health_check.ps1,PENDING_POWERSHELL_AST_PARSE,LOW_RISK_STATIC,PENDING_PARSE,
installer/build/windows/win-unpacked/resources/payload/repo-template/setup/common/build_indexes.py,PASS,LOW_RISK_STATIC,SYNTAX_ONLY_NOT_EXECUTED,
installer/build/windows/win-unpacked/resources/payload/repo-template/setup/common/create_repo_folders.py,PASS,LOW_RISK_STATIC,SYNTAX_ONLY_NOT_EXECUTED,
installer/build/windows/win-unpacked/resources/payload/repo-template/setup/common/write_setup_report.py,PASS,LOW_RISK_STATIC,SYNTAX_ONLY_NOT_EXECUTED,
installer/build/windows/win-unpacked/resources/payload/repo-template/setup/linux/check_linux_requirements.sh,NOT_RUN_BASH_UNAVAILABLE,LOW_RISK_STATIC,NOT_EXECUTED,
installer/build/windows/win-unpacked/resources/payload/repo-template/setup/linux/setup_linux.sh,NOT_RUN_BASH_UNAVAILABLE,LOW_RISK_STATIC,NOT_EXECUTED,
installer/build/windows/win-unpacked/resources/payload/repo-template/setup/macos/check_macos_requirements.sh,NOT_RUN_BASH_UNAVAILABLE,LOW_RISK_STATIC,NOT_EXECUTED,
installer/build/windows/win-unpacked/resources/payload/repo-template/setup/macos/setup_macos.sh,NOT_RUN_BASH_UNAVAILABLE,LOW_RISK_STATIC,NOT_EXECUTED,
installer/build/windows/win-unpacked/resources/payload/repo-template/setup/windows/check_windows_requirements.ps1,PENDING_POWERSHELL_AST_PARSE,LOW_RISK_STATIC,PENDING_PARSE,
installer/build/windows/win-unpacked/resources/payload/repo-template/setup/windows/setup_windows.ps1,PENDING_POWERSHELL_AST_PARSE,LOW_RISK_STATIC,PENDING_PARSE,
installer/build/windows/win-unpacked/resources/payload/scripts/linux/check_environment.sh,NOT_RUN_BASH_UNAVAILABLE,LOW_RISK_STATIC,NOT_EXECUTED,
installer/build/windows/win-unpacked/resources/payload/scripts/macos/check_environment.sh,NOT_RUN_BASH_UNAVAILABLE,LOW_RISK_STATIC,NOT_EXECUTED,
installer/build/windows/win-unpacked/resources/payload/scripts/windows/check_environment.ps1,PENDING_POWERSHELL_AST_PARSE,LOW_RISK_STATIC,PENDING_PARSE,
installer/payload/build_payload.ps1,PENDING_POWERSHELL_AST_PARSE,LOW_RISK_STATIC,PENDING_PARSE,
installer/payload/scripts/linux/check_environment.sh,NOT_RUN_BASH_UNAVAILABLE,LOW_RISK_STATIC,NOT_EXECUTED,
installer/payload/scripts/macos/check_environment.sh,NOT_RUN_BASH_UNAVAILABLE,LOW_RISK_STATIC,NOT_EXECUTED,
installer/payload/scripts/windows/check_environment.ps1,PENDING_POWERSHELL_AST_PARSE,LOW_RISK_STATIC,PENDING_PARSE,
installer/src/installer-core/commandRunner.js,PASS,LOW_RISK_STATIC,SYNTAX_ONLY_NOT_EXECUTED,
installer/src/installer-core/dependencyCheck.js,PASS,LOW_RISK_STATIC,SYNTAX_ONLY_NOT_EXECUTED,
installer/src/installer-core/healthCheckRunner.js,PASS,LOW_RISK_STATIC,SYNTAX_ONLY_NOT_EXECUTED,
installer/src/installer-core/logWriter.js,PASS,LOW_RISK_STATIC,SYNTAX_ONLY_NOT_EXECUTED,
installer/src/installer-core/platformDetect.js,PASS,LOW_RISK_STATIC,SYNTAX_ONLY_NOT_EXECUTED,
installer/src/preload.js,PASS,LOW_RISK_STATIC,SYNTAX_ONLY_NOT_EXECUTED,
installer/src/renderer/renderer.js,PASS,LOW_RISK_STATIC,SYNTAX_ONLY_NOT_EXECUTED,
setup/common/build_indexes.py,PASS,LOW_RISK_STATIC,SYNTAX_ONLY_NOT_EXECUTED,
setup/common/create_repo_folders.py,PASS,LOW_RISK_STATIC,SYNTAX_ONLY_NOT_EXECUTED,
setup/common/write_setup_report.py,PASS,LOW_RISK_STATIC,SYNTAX_ONLY_NOT_EXECUTED,
setup/linux/check_linux_requirements.sh,NOT_RUN_BASH_UNAVAILABLE,LOW_RISK_STATIC,NOT_EXECUTED,
setup/linux/detect_linux_package_manager.sh,NOT_RUN_BASH_UNAVAILABLE,LOW_RISK_STATIC,NOT_EXECUTED,
setup/linux/open_vscode_workspace.sh,NOT_RUN_BASH_UNAVAILABLE,LOW_RISK_STATIC,NOT_EXECUTED,
setup/linux/setup_linux.sh,NOT_RUN_BASH_UNAVAILABLE,LOW_RISK_STATIC,NOT_EXECUTED,
setup/macos/open_vscode_workspace.sh,NOT_RUN_BASH_UNAVAILABLE,LOW_RISK_STATIC,NOT_EXECUTED,
setup/macos/setup_macos.sh,NOT_RUN_BASH_UNAVAILABLE,LOW_RISK_STATIC,NOT_EXECUTED,
setup/windows/check_windows_requirements.ps1,PENDING_POWERSHELL_AST_PARSE,LOW_RISK_STATIC,PENDING_PARSE,
setup/windows/setup_windows.ps1,PENDING_POWERSHELL_AST_PARSE,LOW_RISK_STATIC,PENDING_PARSE,
