"url_index_id","source_url","normalized_url","original_pdf_path","extracted_markdown_path","current_knowledge_file","source_domain","topic_category","trust_level","knowledge_category","extraction_status","warning","imported_at","source_batch","source_file_path","source_file_name","notes"
"","","","","","","","","","","","","","","","",""
"","","","","","","","","","","","","","","","",""
"","","","","","","","","","","","","","","","",""
"","","","","","","","","","","","","","","","",""
"","","","","","","","","","","","","","","","",""
"","","","","","","","","","","","","","","","",""
"","","","","","","","","","","","","","","","",""
"","","","","","","","","","","","","","","","",""
"","","","","","","","","","","","","","","","",""
"","","","","","","","","","","","","","","","",""
"","","","","","","","","","","","","","","","",""
"","","","","","","","","","","","","","","","",""
"","","","","","","","","","","","","","","","",""
"","","","","","","","","","","","","","","","",""
"","","","","","","","","","","","","","","","",""
"","","","","","","","","","","","","","","","",""
"","","","","","","","","","","","","","","","",""
"","","","","","","","","","","","","","","","",""
"","","","","","","","","","","","","","","","",""
"","","","","","","","","","","","","","","","",""
"","","","","","","","","","","","","","","","",""
"","","","","","","","","","","","","","","","",""
"","","","","","","","","","","","","","","","",""
"","","","","","","","","","","","","","","","",""
"","","","","","","","","","","","","","","","",""
"","","","","","","","","","","","","","","","",""
"","","","","","","","","","","","","","","","",""
"","","","","","","","","","","","","","","","",""
"","","","","","","","","","","","","","","","",""
"","","","","","","","","","","","","","","","",""
"","","","","","","","","","","","","","","","",""
"","","","","","","","","","","","","","","","",""
"","","","","","","","","","","","","","","","",""
"","","","","","","","","","","","","","","","",""
"","","","","","","","","","","","","","","","",""
"","","","","","","","","","","","","","","","",""
"","","","","","","","","","","","","","","","",""
"","","","","","","","","","","","","","","","",""
"","","","","","","","","","","","","","","","",""
"","","","","","","","","","","","","","","","",""
"","","","","","","","","","","","","","","","",""
"","","","","","","","","","","","","","","","",""
"","","","","","","","","","","","","","","","",""
"","","","","","","","","","","","","","","","",""
"","","","","","","","","","","","","","","","",""
"","","","","","","","","","","","","","","","",""
"","","","","","","","","","","","","","","","",""
"","","","","","","","","","","","","","","","",""
"","","","","","","","","","","","","","","","",""
"","","","","","","","","","","","","","","","",""
"","","","","","","","","","","","","","","","",""
"","","","","","","","","","","","","","","","",""
"","","","","","","","","","","","","","","","",""
"","","","","","","","","","","","","","","","",""
"","","","","","","","","","","","","","","","",""
"","","","","","","","","","","","","","","","",""
"","","","","","","","","","","","","","","","",""
"","","","","","","","","","","","","","","","",""
"","","","","","","","","","","","","","","","",""
"","","","","","","","","","","","","","","","",""
"","","","","","","","","","","","","","","","",""
"","","","","","","","","","","","","","","","",""
"","","","","","","","","","","","","","","","",""
"","","","","","","","","","","","","","","","",""
"","","","","","","","","","","","","","","","",""
"","","","","","","","","","","","","","","","",""
"","","","","","","","","","","","","","","","",""
"","","","","","","","","","","","","","","","",""
"","","","","","","","","","","","","","","","",""
"","","","","","","","","","","","","","","","",""
"","","","","","","","","","","","","","","","",""
"","","","","","","","","","","","","","","","",""
"","","","","","","","","","","","","","","","",""
"","","","","","","","","","","","","","","","",""
"","","","","","","","","","","","","","","","",""
"","","","","","","","","","","","","","","","",""
"","","","","","","","","","","","","","","","",""
"","","","","","","","","","","","","","","","",""
"","","","","","","","","","","","","","","","",""
"","","","","","","","","","","","","","","","",""
"","","","","","","","","","","","","","","","",""
"","","","","","","","","","","","","","","","",""
"","","","","","","","","","","","","","","","",""
"","","","","","","","","","","","","","","","",""
"","","","","","","","","","","","","","","","",""
"","","","","","","","","","","","","","","","",""
"","","","","","","","","","","","","","","","",""
"","","","","","","","","","","","","","","","",""
"","","","","","","","","","","","","","","","",""
"","","","","","","","","","","","","","","","",""
"","","","","","","","","","","","","","","","",""
"","","","","","","","","","","","","","","","",""
"","","","","","","","","","","","","","","","",""
"","","","","","","","","","","","","","","","",""
"","","","","","","","","","","","","","","","",""
"","","","","","","","","","","","","","","","",""
"","","","","","","","","","","","","","","","",""
"","","","","","","","","","","","","","","","",""
"","","","","","","","","","","","","","","","",""
"","","","","","","","","","","","","","","","",""
"","","","","","","","","","","","","","","","",""
"","","","","","","","","","","","","","","","",""
"","","","","","","","","","","","","","","","",""
"","","","","","","","","","","","","","","","",""
"","","","","","","","","","","","","","","","",""
"","","","","","","","","","","","","","","","",""
"","","","","","","","","","","","","","","","",""
