"source_domain","total_urls","success_count","failed_count","not_found_in_outputs_count","rejected_count","needs_rescrape_count","unknown_count","high_quality_count","medium_quality_count","low_quality_count","junk_quality_count","unknown_quality_count","queue_count"
"ww1.microchip.com","1254","4","1250","0","0","0","0","4","0","0","0","1250","1250"
"www.st.com","1115","0","139","976","0","0","0","0","0","0","0","1115","1115"
"hackaday.com","1009","0","864","0","145","0","0","0","0","0","145","864","1009"
"docs.kicad.org","977","15","955","0","2","5","0","14","2","4","2","955","962"
"www.microchip.com","911","0","911","0","0","0","0","0","0","0","0","911","911"
"forum.kicad.info","717","0","700","8","5","4","0","0","3","1","5","708","717"
"electronics.stackexchange.com","626","0","565","4","57","0","0","0","0","0","57","569","626"
"gitlab.com","600","3","1","3","583","10","0","0","0","10","583","7","597"
"www.eevblog.com","414","0","16","0","21","377","0","0","0","0","398","16","414"
"www.ti.com","394","60","12","300","19","3","0","63","0","0","19","312","334"
"example.com","276","0","276","0","0","0","0","0","0","0","0","276","276"
"www.nxp.com","216","0","216","0","0","0","0","0","0","0","0","216","216"
"www.digikey.com","212","0","212","0","0","0","0","0","0","0","0","212","212"
"forum.microchip.com","200","0","200","0","0","0","0","0","0","0","0","200","200"
"www.allaboutcircuits.com","200","0","200","0","0","0","0","0","0","0","0","200","200"
"www.silabs.com","111","5","106","0","0","0","0","2","3","0","0","106","106"
"www.renesas.com","106","4","102","0","0","0","0","0","0","3","0","103","102"
"www.gigadevice.com","103","2","101","0","0","0","0","0","2","0","0","101","101"
"www.electronics-tutorials.ws","100","0","100","0","0","0","0","0","0","0","0","100","100"
"www.espressif.com","56","52","0","2","0","2","0","16","36","2","0","2","4"
"docs.espressif.com","50","30","6","6","1","7","0","18","16","3","1","12","20"
"www.analog.com","33","0","33","0","0","0","0","0","0","0","0","33","33"
"www.snapeda.com","29","1","1","24","3","0","0","0","0","1","3","25","28"
"www.reddit.com","27","7","0","14","6","0","0","0","0","7","6","14","20"
"jlcpcb.com","26","15","0","0","1","10","0","0","15","10","1","0","11"
"resources.altium.com","21","0","20","0","1","0","0","0","0","0","1","20","21"
"www.pcbway.com","16","0","10","0","0","6","0","0","0","6","0","10","16"
"www.usb.org","15","5","8","0","0","2","0","0","4","3","0","8","10"
"github.com","15","0","2","0","12","1","0","0","0","1","12","2","15"
"www.monolithicpower.com","14","0","0","0","0","14","0","0","0","14","0","0","14"
"www.protoexpress.com","13","0","8","0","0","5","0","0","0","5","0","8","13"
"resources.pcb.cadence.com","11","0","10","0","0","1","0","0","0","1","0","10","11"
"www.eurocircuits.com","11","0","8","0","0","3","0","0","0","3","0","8","11"
"docs.oshpark.com","11","5","2","0","0","4","0","0","5","4","0","2","6"
"dev-docs.kicad.org","11","9","0","0","0","2","0","9","1","1","0","0","2"
"www.infineon.com","10","0","4","0","6","0","0","0","0","0","6","4","10"
"www.youtube.com","9","0","0","0","0","9","0","0","0","9","0","0","9"
"www.richtek.com","9","5","3","0","0","1","0","0","5","1","0","3","4"
"www.onsemi.com","8","0","8","0","0","0","0","0","0","0","0","8","8"
"www.autodesk.com","7","0","5","0","1","1","0","0","0","1","1","5","7"
"www.fedevel.com","6","1","0","2","0","3","0","0","0","4","0","2","5"
"www.nordicsemi.com","6","0","6","0","0","0","0","0","0","0","0","6","6"
"esp32.com","5","0","0","3","1","1","0","0","0","1","1","3","5"
"docs.arduino.cc","5","5","0","0","0","0","0","0","0","5","0","0","0"
"www.4pcb.com","5","3","0","0","0","2","0","0","1","2","0","2","2"
"www.littelfuse.com","4","0","4","0","0","0","0","0","0","0","0","4","4"
"www.kicad.org","4","4","0","0","0","0","0","0","3","0","0","1","0"
"learn.adafruit.com","4","0","1","0","1","2","0","0","0","2","1","1","4"
"www.nexperia.com","4","0","4","0","0","0","0","0","0","0","0","4","4"
"www.mouser.com","4","4","0","0","0","0","0","0","4","0","0","0","0"
"www.ipc.org","4","0","4","0","0","0","0","0","0","0","0","4","4"
"octopart.com","4","0","1","0","1","2","0","0","0","2","1","1","4"
"www.wch-ic.com","4","0","0","0","0","4","0","0","0","4","0","0","4"
"www.we-online.com","3","2","0","1","0","0","0","0","0","2","0","1","1"
"fscdn.rohm.com","3","0","3","0","0","0","0","0","0","0","0","3","3"
"learn.sparkfun.com","3","0","0","0","3","0","0","0","0","0","3","0","3"
"en.bouffalolab.com","3","1","1","1","0","0","0","0","0","0","0","3","2"
"www.murata.com","3","1","2","0","0","0","0","0","0","1","0","2","2"
"www.raspberrypi.com","3","0","3","0","0","0","0","0","0","0","0","3","3"
"www.pcblibraries.com","3","3","0","0","0","0","0","0","0","0","0","3","0"
"klc.kicad.org","3","0","0","0","0","3","0","0","3","0","0","0","3"
"www.diodes.com","3","0","3","0","0","0","0","0","0","0","0","3","3"
"www.signalintegrityjournal.com","3","0","2","0","0","1","0","0","0","1","0","2","3"
"docs.sparkfun.com","2","0","1","0","0","1","0","0","0","1","0","1","2"
"academy.altium.com","2","0","2","0","0","0","0","0","0","0","0","2","2"
"datasheets.raspberrypi.com","2","2","0","0","0","0","0","2","0","0","0","0","0"
"assets.nexperia.com","2","1","0","0","0","1","0","1","0","1","0","0","1"
"www.ultralibrarian.com","2","0","0","0","2","0","0","0","0","0","2","0","2"
"forum.allaboutcircuits.com","2","0","2","0","0","0","0","0","0","0","0","2","2"
"www.hirose.com","2","1","1","0","0","0","0","0","0","1","0","1","1"
"www.bourns.com","2","0","0","0","0","2","0","0","0","0","2","0","2"
"www.lcsc.com","2","2","0","0","0","0","0","0","0","2","0","0","0"
"www.jedec.org","2","0","2","0","0","0","0","0","0","0","0","2","2"
"www.sunstone.com","1","0","0","0","1","0","0","0","0","0","1","0","1"
"componentsearchengine.com","1","0","1","0","0","0","0","0","0","0","0","1","1"
"community.element14.com","1","0","1","0","0","0","0","0","0","0","0","1","1"
"www.sameskydevices.com","1","1","0","0","0","0","0","0","1","0","0","0","0"
"www.samacsys.com","1","0","1","0","0","0","0","0","0","0","0","1","1"
"www.cadence.com","1","0","1","0","0","0","0","0","0","0","0","1","1"
"saturnpcb.com","1","0","0","0","0","1","0","0","0","1","0","0","1"
"supplyframe.com","1","1","0","0","0","0","0","0","0","1","0","0","0"
"wiki.st.com","1","0","1","0","0","0","0","0","0","0","0","1","1"
"app.ultralibrarian.com","1","0","0","0","0","1","0","0","0","1","0","0","1"
"www.te.com","1","0","1","0","0","0","0","0","0","0","0","1","1"
"prodocs.easyeda.com","1","1","0","0","0","0","0","0","1","0","0","0","0"
"www.amphenol-cs.com","1","0","1","0","0","0","0","0","0","0","0","1","1"
"developer.sony.com","1","0","0","0","0","1","0","0","0","1","0","0","1"
"easyeda.com","1","0","0","0","1","0","0","0","0","0","1","0","1"
"www.omnicalculator.com","1","0","0","0","0","1","0","0","0","1","0","0","1"
"www.embeddedrelated.com","1","0","1","0","0","0","0","0","0","0","0","1","1"
"www.fastturnpcbs.com","1","0","0","0","0","1","0","0","0","1","0","0","1"
"www.molex.com","1","0","1","0","0","0","0","0","0","0","0","1","1"
"www.intel.com","1","0","0","0","0","1","0","0","0","1","0","0","1"
"www.gct.co","1","0","1","0","0","0","0","0","0","0","0","1","1"
"nexar.com","1","1","0","0","0","0","0","0","0","1","0","0","0"
"docs.easyeda.com","1","1","0","0","0","0","0","0","1","0","0","0","0"
"www.ee-training.dk","1","0","0","0","0","1","0","0","0","1","0","0","1"
"docs.nordicsemi.com","1","0","0","0","0","1","0","0","0","1","0","0","1"
"www.pasternack.com","1","0","0","0","0","1","0","0","0","1","0","0","1"
"www.electro-tech-online.com","1","0","1","0","0","0","0","0","0","0","0","1","1"
"www.electronicdesign.com","1","0","0","0","0","1","0","0","0","1","0","0","1"
