"Count","Name"
"9","github.com"
"6","reddit.com"
"5","gitlab.com"
"2","docs.kicad.org"
"1","polar-instruments.com"
"1","phoenixcontact.com"
"1","protoexpress.com"
"1","power.com"
"1","purdue.edu"
"1","raspberrypi.com"
"1","rohm.com"
"1","rushpcb.com"
"1","s3vi.ndc.nasa.gov"
"1","rohde-schwarz.com"
"1","samacsys.com"
"1","renesas.com"
"1","richtek.com"
"1","pcbway.com"
"1","ngspice.sourceforge.io"
"1","nextpcb.com"
"1","ntrs.nasa.gov"
"1","nordicsemi.com"
"1","nepp.nasa.gov"
"1","murata.com"
"1","nexperia.com"
"1","nexar.com"
"1","nxp.com"
"1","pcb.mit.edu"
"1","panasonic.com"
"1","pcblibraries.com"
"1","pcbgogo.com"
"1","ocw.mit.edu"
"1","octopart.com"
"1","ourpcb.com"
"1","onsemi.com"
"1","umich.edu"
"1","ultralibrarian.com"
"1","uta.edu"
"1","usb.org"
"1","ti.com"
"1","tempoautomation.com"
"1","ul.com"
"1","ucsd.edu"
"1","uw.edu"
"1","wpi.edu"
"1","workmanship.nasa.gov"
"1","yageo.com"
"1","xyce.sandia.gov"
"1","vishay.com"
"1","vicorpower.com"
"1","we-online.com"
"1","wago.com"
"1","silabs.com"
"1","signalintegrityjournal.com"
"1","st.com"
"1","snapeda.com"
"1","samtec.com"
"1","sameskydevices.com"
"1","seeedstudio.com"
"1","screamingcircuits.com"
"1","standards.nasa.gov"
"1","te.com"
"1","tdk.com"
"1","teledynelecroy.com"
"1","tek.com"
"1","sunstone.com"
"1","stanford.edu"
"1","taoglas.com"
"1","supplyframe.com"
"1","multi-circuit-boards.eu"
"1","digikey.com"
"1","dev-docs.kicad.org"
"1","docs.espressif.com"
"1","diodes.com"
"1","componentsearchengine.com"
"1","community.element14.com"
"1","cui.com"
"1","cornell.edu"
"1","electronics.stackexchange.com"
"1","elecrow.com"
"1","esa.int"
"1","electronics-tutorials.ws"
"1","easyeda.com"
"1","docs.oshpark.com"
"1","eevblog.com"
"1","ecss.nl"
"1","cmu.edu"
"1","allpcb.com"
"1","allaboutcircuits.com"
"1","analog.com"
"1","amphenol-cs.com"
"1","abracon.com"
"1","4pcb.com"
"1","aisler.net"
"1","adam-tech.com"
"1","blog.ansi.org"
"1","bittele.com"
"1","calpoly.edu"
"1","bourns.com"
"1","antenova.com"
"1","ansi.org"
"1","berkeley.edu"
"1","bayareacircuits.com"
"1","kicad.org"
"1","kibot.readthedocs.io"
"1","lcsc.com"
"1","kyocera-avx.com"
"1","jst-mfg.com"
"1","johansontechnology.com"
"1","keysight.com"
"1","kemet.com"
"1","molex.com"
"1","mit.edu"
"1","mouser.com"
"1","monolithicpower.com"
"1","macrofab.com"
"1","littelfuse.com"
"1","microchip.com"
"1","maxlinear.com"
"1","jlcpcb.com"
"1","forum.arduino.cc"
"1","forum.allaboutcircuits.com"
"1","gatech.edu"
"1","forum.kicad.info"
"1","espressif.com"
"1","esp32.com"
"1","fab.cba.mit.edu"
"1","eurocircuits.com"
"1","illinois.edu"
"1","hmc.edu"
"1","ipc.org"
"1","infineon.com"
"1","hackaday.com"
"1","gct.co"
"1","hirose.com"
"1","harwin.com"
