"id","original_seed","normalized_url","source_domain","source_type","topic_category","trust_level","scrape_status","local_file","raw_html_path","markdown_path","pdf_path","extracted_pdf_markdown_path","error_message","scraped_at","needs_review"
"seedv2_015fa32c459e","https://gitlab.com/kicad/libraries/kicad-packages3D","https://gitlab.com/kicad/libraries/kicad-packages3D","gitlab.com","kicad_official","kicad","2_official_kicad","success","C:\KICAD_SCRAPE\ingest_v2\domain_seed_run_v2\markdown\seedv2_000057-gitlab.com-kicad-libraries-kicad-packages3D-bf4f7c4587.md","C:\KICAD_SCRAPE\ingest_v2\domain_seed_run_v2\raw_html\seedv2_000057-gitlab.com-kicad-libraries-kicad-packages3D-bf4f7c4587.html","C:\KICAD_SCRAPE\ingest_v2\domain_seed_run_v2\markdown\seedv2_000057-gitlab.com-kicad-libraries-kicad-packages3D-bf4f7c4587.md","","","","2026-05-10 12:51:47","false"
"seedv2_02f0307e689e","https://snapeda.com","https://snapeda.com/","snapeda.com","cad_models_part_intelligence","power_buck_regulators","6_blog_or_general_web","success","C:\KICAD_SCRAPE\ingest_v2\domain_seed_run_v2\markdown\seedv2_000127-snapeda.com-index-2b530f855d.md","C:\KICAD_SCRAPE\ingest_v2\domain_seed_run_v2\raw_html\seedv2_000127-snapeda.com-index-2b530f855d.html","C:\KICAD_SCRAPE\ingest_v2\domain_seed_run_v2\markdown\seedv2_000127-snapeda.com-index-2b530f855d.md","","","","2026-05-10 12:57:16","false"
"seedv2_04d660835049","https://aisler.net","https://aisler.net/","aisler.net","fabricator_dfm","power_buck_regulators","3_fabricator_dfm","success","C:\KICAD_SCRAPE\ingest_v2\domain_seed_run_v2\markdown\seedv2_000004-aisler.net-index-8afde7b1ca.md","C:\KICAD_SCRAPE\ingest_v2\domain_seed_run_v2\raw_html\seedv2_000004-aisler.net-index-8afde7b1ca.html","C:\KICAD_SCRAPE\ingest_v2\domain_seed_run_v2\markdown\seedv2_000004-aisler.net-index-8afde7b1ca.md","","","","2026-05-10 12:40:53","false"
"seedv2_069a3a63b716","https://espressif.com","https://espressif.com/","espressif.com","manufacturer","esp32_rf_wifi","6_blog_or_general_web","success","C:\KICAD_SCRAPE\ingest_v2\domain_seed_run_v2\markdown\seedv2_000037-espressif.com-index-5ca4283ce9.md","C:\KICAD_SCRAPE\ingest_v2\domain_seed_run_v2\raw_html\seedv2_000037-espressif.com-index-5ca4283ce9.html","C:\KICAD_SCRAPE\ingest_v2\domain_seed_run_v2\markdown\seedv2_000037-espressif.com-index-5ca4283ce9.md","","","","2026-05-10 12:51:01","false"
"seedv2_0a09fad9d811","https://kyocera-avx.com","https://kyocera-avx.com/","kyocera-avx.com","web_page","power_buck_regulators","6_blog_or_general_web","success","C:\KICAD_SCRAPE\ingest_v2\domain_seed_run_v2\markdown\seedv2_000073-kyocera-avx.com-index-3c7b795899.md","C:\KICAD_SCRAPE\ingest_v2\domain_seed_run_v2\raw_html\seedv2_000073-kyocera-avx.com-index-3c7b795899.html","C:\KICAD_SCRAPE\ingest_v2\domain_seed_run_v2\markdown\seedv2_000073-kyocera-avx.com-index-3c7b795899.md","","","","2026-05-10 12:52:27","false"
"seedv2_0a90cf8661bc","https://pcblibraries.com","https://pcblibraries.com/","pcblibraries.com","cad_models_part_intelligence","power_buck_regulators","6_blog_or_general_web","success","C:\KICAD_SCRAPE\ingest_v2\domain_seed_run_v2\markdown\seedv2_000100-pcblibraries.com-index-1774b545a2.md","C:\KICAD_SCRAPE\ingest_v2\domain_seed_run_v2\raw_html\seedv2_000100-pcblibraries.com-index-1774b545a2.html","C:\KICAD_SCRAPE\ingest_v2\domain_seed_run_v2\markdown\seedv2_000100-pcblibraries.com-index-1774b545a2.md","","","","2026-05-10 12:56:24","false"
"seedv2_0b9285c198f3","https://nexar.com","https://nexar.com/","nexar.com","cad_models_part_intelligence","power_buck_regulators","6_blog_or_general_web","success","C:\KICAD_SCRAPE\ingest_v2\domain_seed_run_v2\markdown\seedv2_000086-nexar.com-index-6d148bb101.md","C:\KICAD_SCRAPE\ingest_v2\domain_seed_run_v2\raw_html\seedv2_000086-nexar.com-index-6d148bb101.html","C:\KICAD_SCRAPE\ingest_v2\domain_seed_run_v2\markdown\seedv2_000086-nexar.com-index-6d148bb101.md","","","","2026-05-10 12:55:50","false"
"seedv2_1121a991c29d","https://stanford.edu","https://stanford.edu/","stanford.edu","university_training","power_buck_regulators","4_university_training","success","C:\KICAD_SCRAPE\ingest_v2\domain_seed_run_v2\markdown\seedv2_000130-stanford.edu-index-0c3d90a8bc.md","C:\KICAD_SCRAPE\ingest_v2\domain_seed_run_v2\raw_html\seedv2_000130-stanford.edu-index-0c3d90a8bc.html","C:\KICAD_SCRAPE\ingest_v2\domain_seed_run_v2\markdown\seedv2_000130-stanford.edu-index-0c3d90a8bc.md","","","","2026-05-10 13:00:20","false"
"seedv2_114caff94a01","https://uw.edu","https://uw.edu/","uw.edu","university_training","power_buck_regulators","4_university_training","success","C:\KICAD_SCRAPE\ingest_v2\domain_seed_run_v2\markdown\seedv2_000146-uw.edu-index-113a562f79.md","C:\KICAD_SCRAPE\ingest_v2\domain_seed_run_v2\raw_html\seedv2_000146-uw.edu-index-113a562f79.html","C:\KICAD_SCRAPE\ingest_v2\domain_seed_run_v2\markdown\seedv2_000146-uw.edu-index-113a562f79.md","","","","2026-05-10 13:01:53","false"
"seedv2_1190f9ea9bab","https://ipc.org","https://ipc.org/","ipc.org","standards_high_reliability","power_buck_regulators","3_high_reliability_or_standards","success","C:\KICAD_SCRAPE\ingest_v2\domain_seed_run_v2\markdown\seedv2_000065-ipc.org-index-f6a2cc90a6.md","C:\KICAD_SCRAPE\ingest_v2\domain_seed_run_v2\raw_html\seedv2_000065-ipc.org-index-f6a2cc90a6.html","C:\KICAD_SCRAPE\ingest_v2\domain_seed_run_v2\markdown\seedv2_000065-ipc.org-index-f6a2cc90a6.md","","","","2026-05-10 12:52:08","false"
"seedv2_1192aa1c556d","https://mit.edu","https://mit.edu/","mit.edu","university_training","power_buck_regulators","4_university_training","success","C:\KICAD_SCRAPE\ingest_v2\domain_seed_run_v2\markdown\seedv2_000079-mit.edu-index-4b455846ec.md","C:\KICAD_SCRAPE\ingest_v2\domain_seed_run_v2\raw_html\seedv2_000079-mit.edu-index-4b455846ec.html","C:\KICAD_SCRAPE\ingest_v2\domain_seed_run_v2\markdown\seedv2_000079-mit.edu-index-4b455846ec.md","","","","2026-05-10 12:52:37","false"
"seedv2_157a36434c3a","https://microchip.com","https://microchip.com/","microchip.com","manufacturer","power_buck_regulators","6_blog_or_general_web","failed","","","","","","The remote server returned an error: (403) Forbidden.","2026-05-10 12:52:35","true"
"seedv2_18bffc7221a3","https://reddit.com/r/esp32","https://reddit.com/r/esp32","reddit.com","peer_review_failure_cases","esp32_rf_wifi","7_low_authority_context","success","C:\KICAD_SCRAPE\ingest_v2\domain_seed_run_v2\markdown\seedv2_000111-reddit.com-r-esp32-4ca1e54a68.md","C:\KICAD_SCRAPE\ingest_v2\domain_seed_run_v2\raw_html\seedv2_000111-reddit.com-r-esp32-4ca1e54a68.html","C:\KICAD_SCRAPE\ingest_v2\domain_seed_run_v2\markdown\seedv2_000111-reddit.com-r-esp32-4ca1e54a68.md","","","","2026-05-10 12:56:41","false"
"seedv2_1a2e99bc3e17","https://easyeda.com","https://easyeda.com/","easyeda.com","cad_models_part_intelligence","power_buck_regulators","6_blog_or_general_web","success","C:\KICAD_SCRAPE\ingest_v2\domain_seed_run_v2\markdown\seedv2_000029-easyeda.com-index-88a611f183.md","C:\KICAD_SCRAPE\ingest_v2\domain_seed_run_v2\raw_html\seedv2_000029-easyeda.com-index-88a611f183.html","C:\KICAD_SCRAPE\ingest_v2\domain_seed_run_v2\markdown\seedv2_000029-easyeda.com-index-88a611f183.md","","","","2026-05-10 12:47:41","false"
"seedv2_205e89cd660c","https://sameskydevices.com","https://sameskydevices.com/","sameskydevices.com","connector_land_pattern","power_buck_regulators","6_blog_or_general_web","success","C:\KICAD_SCRAPE\ingest_v2\domain_seed_run_v2\markdown\seedv2_000121-sameskydevices.com-index-713b1fc18b.md","C:\KICAD_SCRAPE\ingest_v2\domain_seed_run_v2\raw_html\seedv2_000121-sameskydevices.com-index-713b1fc18b.html","C:\KICAD_SCRAPE\ingest_v2\domain_seed_run_v2\markdown\seedv2_000121-sameskydevices.com-index-713b1fc18b.md","","","","2026-05-10 12:57:02","false"
"seedv2_20accd663202","https://octopart.com","https://octopart.com/","octopart.com","cad_models_part_intelligence","power_buck_regulators","6_blog_or_general_web","success","C:\KICAD_SCRAPE\ingest_v2\domain_seed_run_v2\markdown\seedv2_000093-octopart.com-index-dc47c87415.md","C:\KICAD_SCRAPE\ingest_v2\domain_seed_run_v2\raw_html\seedv2_000093-octopart.com-index-dc47c87415.html","C:\KICAD_SCRAPE\ingest_v2\domain_seed_run_v2\markdown\seedv2_000093-octopart.com-index-dc47c87415.md","","","","2026-05-10 12:56:06","false"
"seedv2_22c07c7c23ad","https://diodes.com","https://diodes.com/","diodes.com","manufacturer","power_buck_regulators","6_blog_or_general_web","failed","","","","","","The remote server returned an error: (403) Forbidden.","2026-05-10 12:47:32","true"
"seedv2_237973a717be","https://ti.com","https://ti.com/","ti.com","manufacturer","power_buck_regulators","6_blog_or_general_web","success","C:\KICAD_SCRAPE\ingest_v2\domain_seed_run_v2\markdown\seedv2_000139-ti.com-index-71ac535d76.md","C:\KICAD_SCRAPE\ingest_v2\domain_seed_run_v2\raw_html\seedv2_000139-ti.com-index-71ac535d76.html","C:\KICAD_SCRAPE\ingest_v2\domain_seed_run_v2\markdown\seedv2_000139-ti.com-index-71ac535d76.md","","","","2026-05-10 13:01:39","false"
"seedv2_23e10a1d4a1f","https://multi-circuit-boards.eu","https://multi-circuit-boards.eu/","multi-circuit-boards.eu","fabricator_dfm","power_buck_regulators","6_blog_or_general_web","success","C:\KICAD_SCRAPE\ingest_v2\domain_seed_run_v2\markdown\seedv2_000083-multi-circuit-boards.eu-index-4a18a8a3b4.md","C:\KICAD_SCRAPE\ingest_v2\domain_seed_run_v2\raw_html\seedv2_000083-multi-circuit-boards.eu-index-4a18a8a3b4.html","C:\KICAD_SCRAPE\ingest_v2\domain_seed_run_v2\markdown\seedv2_000083-multi-circuit-boards.eu-index-4a18a8a3b4.md","","","","2026-05-10 12:55:44","false"
"seedv2_23f38711b772","https://community.element14.com","https://community.element14.com/","community.element14.com","peer_review_failure_cases","power_buck_regulators","6_blog_or_general_web","failed","","","","","","The operation has timed out.","2026-05-10 12:47:21","true"
"seedv2_2522c9e0f3c3","https://pcb.mit.edu","https://pcb.mit.edu/","pcb.mit.edu","university_training","power_buck_regulators","4_university_training","success","C:\KICAD_SCRAPE\ingest_v2\domain_seed_run_v2\markdown\seedv2_000098-pcb.mit.edu-index-9427b9541a.md","C:\KICAD_SCRAPE\ingest_v2\domain_seed_run_v2\raw_html\seedv2_000098-pcb.mit.edu-index-9427b9541a.html","C:\KICAD_SCRAPE\ingest_v2\domain_seed_run_v2\markdown\seedv2_000098-pcb.mit.edu-index-9427b9541a.md","","","","2026-05-10 12:56:18","false"
"seedv2_265843f9a558","https://johansontechnology.com","https://johansontechnology.com/","johansontechnology.com","manufacturer","power_buck_regulators","6_blog_or_general_web","success","C:\KICAD_SCRAPE\ingest_v2\domain_seed_run_v2\markdown\seedv2_000067-johansontechnology.com-index-2975c04b2b.md","C:\KICAD_SCRAPE\ingest_v2\domain_seed_run_v2\raw_html\seedv2_000067-johansontechnology.com-index-2975c04b2b.html","C:\KICAD_SCRAPE\ingest_v2\domain_seed_run_v2\markdown\seedv2_000067-johansontechnology.com-index-2975c04b2b.md","","","","2026-05-10 12:52:12","false"
"seedv2_29933312887f","https://sunstone.com","https://sunstone.com/","sunstone.com","fabricator_dfm","power_buck_regulators","3_fabricator_dfm","success","C:\KICAD_SCRAPE\ingest_v2\domain_seed_run_v2\markdown\seedv2_000131-sunstone.com-index-a834bb2c45.md","C:\KICAD_SCRAPE\ingest_v2\domain_seed_run_v2\raw_html\seedv2_000131-sunstone.com-index-a834bb2c45.html","C:\KICAD_SCRAPE\ingest_v2\domain_seed_run_v2\markdown\seedv2_000131-sunstone.com-index-a834bb2c45.md","","","","2026-05-10 13:00:22","false"
"seedv2_29c618815b12","https://silabs.com","https://silabs.com/","silabs.com","manufacturer","power_buck_regulators","6_blog_or_general_web","success","C:\KICAD_SCRAPE\ingest_v2\domain_seed_run_v2\markdown\seedv2_000126-silabs.com-index-4ff295b1d2.md","C:\KICAD_SCRAPE\ingest_v2\domain_seed_run_v2\raw_html\seedv2_000126-silabs.com-index-4ff295b1d2.html","C:\KICAD_SCRAPE\ingest_v2\domain_seed_run_v2\markdown\seedv2_000126-silabs.com-index-4ff295b1d2.md","","","","2026-05-10 12:57:13","false"
"seedv2_2bc74f5151d7","https://supplyframe.com","https://supplyframe.com/","supplyframe.com","web_page","power_buck_regulators","6_blog_or_general_web","success","C:\KICAD_SCRAPE\ingest_v2\domain_seed_run_v2\markdown\seedv2_000132-supplyframe.com-index-583ff3addc.md","C:\KICAD_SCRAPE\ingest_v2\domain_seed_run_v2\raw_html\seedv2_000132-supplyframe.com-index-583ff3addc.html","C:\KICAD_SCRAPE\ingest_v2\domain_seed_run_v2\markdown\seedv2_000132-supplyframe.com-index-583ff3addc.md","","","","2026-05-10 13:00:24","false"
"seedv2_2df190e4cfe9","https://github.com/openscopeproject/InteractiveHtmlBom","https://github.com/openscopeproject/InteractiveHtmlBom","github.com","web_page","power_buck_regulators","6_blog_or_general_web","success","C:\KICAD_SCRAPE\ingest_v2\domain_seed_run_v2\markdown\seedv2_000051-github.com-openscopeproject-InteractiveHtmlBom-9bdbc77b1e.md","C:\KICAD_SCRAPE\ingest_v2\domain_seed_run_v2\raw_html\seedv2_000051-github.com-openscopeproject-InteractiveHtmlBom-9bdbc77b1e.html","C:\KICAD_SCRAPE\ingest_v2\domain_seed_run_v2\markdown\seedv2_000051-github.com-openscopeproject-InteractiveHtmlBom-9bdbc77b1e.md","","","","2026-05-10 12:51:35","false"
"seedv2_30ab59811326","https://docs.oshpark.com","https://docs.oshpark.com/","docs.oshpark.com","fabricator_dfm","power_buck_regulators","3_fabricator_dfm","success","C:\KICAD_SCRAPE\ingest_v2\domain_seed_run_v2\markdown\seedv2_000028-docs.oshpark.com-index-188a0aa181.md","C:\KICAD_SCRAPE\ingest_v2\domain_seed_run_v2\raw_html\seedv2_000028-docs.oshpark.com-index-188a0aa181.html","C:\KICAD_SCRAPE\ingest_v2\domain_seed_run_v2\markdown\seedv2_000028-docs.oshpark.com-index-188a0aa181.md","","","","2026-05-10 12:47:39","false"
"seedv2_33786a6eb71c","https://bayareacircuits.com","https://bayareacircuits.com/","bayareacircuits.com","fabricator_dfm","power_buck_regulators","6_blog_or_general_web","success","C:\KICAD_SCRAPE\ingest_v2\domain_seed_run_v2\markdown\seedv2_000011-bayareacircuits.com-index-7f2dd2b281.md","C:\KICAD_SCRAPE\ingest_v2\domain_seed_run_v2\raw_html\seedv2_000011-bayareacircuits.com-index-7f2dd2b281.html","C:\KICAD_SCRAPE\ingest_v2\domain_seed_run_v2\markdown\seedv2_000011-bayareacircuits.com-index-7f2dd2b281.md","","","","2026-05-10 12:44:08","false"
"seedv2_37a26c7efe91","https://gct.co","https://gct.co/","gct.co","connector_land_pattern","power_buck_regulators","6_blog_or_general_web","failed","","","","","","The remote server returned an error: (403) Forbidden.","2026-05-10 12:51:14","true"
"seedv2_39c7b1c3aeb5","https://blog.ansi.org","https://blog.ansi.org/","blog.ansi.org","standards_high_reliability","power_buck_regulators","6_blog_or_general_web","failed","","","","","","The remote server returned an error: (403) Forbidden.","2026-05-10 12:44:14","true"
"seedv2_3a17f8ab487e","https://mouser.com","https://mouser.com/","mouser.com","cad_models_part_intelligence","power_buck_regulators","6_blog_or_general_web","success","C:\KICAD_SCRAPE\ingest_v2\domain_seed_run_v2\markdown\seedv2_000082-mouser.com-index-88f185989d.md","C:\KICAD_SCRAPE\ingest_v2\domain_seed_run_v2\raw_html\seedv2_000082-mouser.com-index-88f185989d.html","C:\KICAD_SCRAPE\ingest_v2\domain_seed_run_v2\markdown\seedv2_000082-mouser.com-index-88f185989d.md","","","","2026-05-10 12:55:40","false"
"seedv2_3c498ae86a71","https://molex.com","https://molex.com/","molex.com","connector_land_pattern","power_buck_regulators","6_blog_or_general_web","failed","","","","","","The operation has timed out.","2026-05-10 12:55:38","true"
"seedv2_3cef490f908b","https://adam-tech.com","https://adam-tech.com/","adam-tech.com","connector_land_pattern","power_buck_regulators","6_blog_or_general_web","success","C:\KICAD_SCRAPE\ingest_v2\domain_seed_run_v2\markdown\seedv2_000003-adam-tech.com-index-1a03d582b5.md","C:\KICAD_SCRAPE\ingest_v2\domain_seed_run_v2\raw_html\seedv2_000003-adam-tech.com-index-1a03d582b5.html","C:\KICAD_SCRAPE\ingest_v2\domain_seed_run_v2\markdown\seedv2_000003-adam-tech.com-index-1a03d582b5.md","","","","2026-05-10 12:40:51","false"
"seedv2_3ecba644a1dc","https://infineon.com","https://infineon.com/","infineon.com","manufacturer","power_buck_regulators","6_blog_or_general_web","success","C:\KICAD_SCRAPE\ingest_v2\domain_seed_run_v2\markdown\seedv2_000064-infineon.com-index-4b337e44d2.md","C:\KICAD_SCRAPE\ingest_v2\domain_seed_run_v2\raw_html\seedv2_000064-infineon.com-index-4b337e44d2.html","C:\KICAD_SCRAPE\ingest_v2\domain_seed_run_v2\markdown\seedv2_000064-infineon.com-index-4b337e44d2.md","","","","2026-05-10 12:52:04","false"
"seedv2_417f1ce7b982","https://amphenol-cs.com","https://amphenol-cs.com/","amphenol-cs.com","connector_land_pattern","power_buck_regulators","6_blog_or_general_web","failed","","","","","","The remote server returned an error: (403) Forbidden.","2026-05-10 12:40:59","true"
"seedv2_41974a4d5d5f","https://kemet.com","https://kemet.com/","kemet.com","manufacturer","power_buck_regulators","6_blog_or_general_web","success","C:\KICAD_SCRAPE\ingest_v2\domain_seed_run_v2\markdown\seedv2_000069-kemet.com-index-a3db8295b7.md","C:\KICAD_SCRAPE\ingest_v2\domain_seed_run_v2\raw_html\seedv2_000069-kemet.com-index-a3db8295b7.html","C:\KICAD_SCRAPE\ingest_v2\domain_seed_run_v2\markdown\seedv2_000069-kemet.com-index-a3db8295b7.md","","","","2026-05-10 12:52:18","false"
"seedv2_4409cb6718d3","https://ocw.mit.edu","https://ocw.mit.edu/","ocw.mit.edu","university_training","power_buck_regulators","4_university_training","success","C:\KICAD_SCRAPE\ingest_v2\domain_seed_run_v2\markdown\seedv2_000094-ocw.mit.edu-index-6ac52eb35b.md","C:\KICAD_SCRAPE\ingest_v2\domain_seed_run_v2\raw_html\seedv2_000094-ocw.mit.edu-index-6ac52eb35b.html","C:\KICAD_SCRAPE\ingest_v2\domain_seed_run_v2\markdown\seedv2_000094-ocw.mit.edu-index-6ac52eb35b.md","","","","2026-05-10 12:56:09","false"
"seedv2_449370b5b25e","https://componentsearchengine.com","https://componentsearchengine.com/","componentsearchengine.com","cad_models_part_intelligence","power_buck_regulators","6_blog_or_general_web","failed","","","","","","The remote server returned an error: (403) Forbidden.","2026-05-10 12:47:22","true"
"seedv2_49120bd55dc4","https://nordicsemi.com","https://nordicsemi.com/","nordicsemi.com","manufacturer","power_buck_regulators","6_blog_or_general_web","failed","","","","","","The remote server returned an error: (403) Forbidden.","2026-05-10 12:55:57","true"
"seedv2_4b367a5dee3e","https://analog.com","https://analog.com/","analog.com","manufacturer","power_buck_regulators","6_blog_or_general_web","failed","","","","","","The operation has timed out.","2026-05-10 12:44:00","true"
"seedv2_4eaeeb198d62","https://ngspice.sourceforge.io","https://ngspice.sourceforge.io/","ngspice.sourceforge.io","web_page","power_buck_regulators","6_blog_or_general_web","failed","","","","","","The remote server returned an error: (403) Forbidden.","2026-05-10 12:55:56","true"
"seedv2_53340266b12a","https://uta.edu","https://uta.edu/","uta.edu","university_training","power_buck_regulators","4_university_training","success","C:\KICAD_SCRAPE\ingest_v2\domain_seed_run_v2\markdown\seedv2_000145-uta.edu-index-cb38df25ba.md","C:\KICAD_SCRAPE\ingest_v2\domain_seed_run_v2\raw_html\seedv2_000145-uta.edu-index-cb38df25ba.html","C:\KICAD_SCRAPE\ingest_v2\domain_seed_run_v2\markdown\seedv2_000145-uta.edu-index-cb38df25ba.md","","","","2026-05-10 13:01:51","false"
"seedv2_53c9aecd42a2","https://reddit.com/r/PrintedCircuitBoard","https://reddit.com/r/PrintedCircuitBoard","reddit.com","peer_review_failure_cases","power_buck_regulators","7_low_authority_context","success","C:\KICAD_SCRAPE\ingest_v2\domain_seed_run_v2\markdown\seedv2_000113-reddit.com-r-PrintedCircuitBoard-0e45310928.md","C:\KICAD_SCRAPE\ingest_v2\domain_seed_run_v2\raw_html\seedv2_000113-reddit.com-r-PrintedCircuitBoard-0e45310928.html","C:\KICAD_SCRAPE\ingest_v2\domain_seed_run_v2\markdown\seedv2_000113-reddit.com-r-PrintedCircuitBoard-0e45310928.md","","","","2026-05-10 12:56:43","false"
"seedv2_54b3ec580786","https://hmc.edu","https://hmc.edu/","hmc.edu","university_training","power_buck_regulators","4_university_training","success","C:\KICAD_SCRAPE\ingest_v2\domain_seed_run_v2\markdown\seedv2_000062-hmc.edu-index-6c7db08281.md","C:\KICAD_SCRAPE\ingest_v2\domain_seed_run_v2\raw_html\seedv2_000062-hmc.edu-index-6c7db08281.html","C:\KICAD_SCRAPE\ingest_v2\domain_seed_run_v2\markdown\seedv2_000062-hmc.edu-index-6c7db08281.md","","","","2026-05-10 12:51:59","false"
"seedv2_57ac7b0f3099","https://monolithicpower.com","https://monolithicpower.com/","monolithicpower.com","manufacturer","power_buck_regulators","6_blog_or_general_web","success","C:\KICAD_SCRAPE\ingest_v2\domain_seed_run_v2\markdown\seedv2_000081-monolithicpower.com-index-021f34e087.md","C:\KICAD_SCRAPE\ingest_v2\domain_seed_run_v2\raw_html\seedv2_000081-monolithicpower.com-index-021f34e087.html","C:\KICAD_SCRAPE\ingest_v2\domain_seed_run_v2\markdown\seedv2_000081-monolithicpower.com-index-021f34e087.md","","","","2026-05-10 12:55:39","false"
"seedv2_593c9a6ba483","https://wago.com","https://wago.com/","wago.com","connector_land_pattern","power_buck_regulators","6_blog_or_general_web","success","C:\KICAD_SCRAPE\ingest_v2\domain_seed_run_v2\markdown\seedv2_000149-wago.com-index-b6838592bb.md","C:\KICAD_SCRAPE\ingest_v2\domain_seed_run_v2\raw_html\seedv2_000149-wago.com-index-b6838592bb.html","C:\KICAD_SCRAPE\ingest_v2\domain_seed_run_v2\markdown\seedv2_000149-wago.com-index-b6838592bb.md","","","","2026-05-10 13:02:21","false"
"seedv2_599b8f4366ba","https://ultralibrarian.com","https://ultralibrarian.com/","ultralibrarian.com","cad_models_part_intelligence","power_buck_regulators","6_blog_or_general_web","success","C:\KICAD_SCRAPE\ingest_v2\domain_seed_run_v2\markdown\seedv2_000142-ultralibrarian.com-index-755c17c93a.md","C:\KICAD_SCRAPE\ingest_v2\domain_seed_run_v2\raw_html\seedv2_000142-ultralibrarian.com-index-755c17c93a.html","C:\KICAD_SCRAPE\ingest_v2\domain_seed_run_v2\markdown\seedv2_000142-ultralibrarian.com-index-755c17c93a.md","","","","2026-05-10 13:01:46","false"
"seedv2_5bde6b8fd998","https://esp32.com","https://esp32.com/","esp32.com","peer_review_failure_cases","esp32_rf_wifi","5_peer_review","success","C:\KICAD_SCRAPE\ingest_v2\domain_seed_run_v2\markdown\seedv2_000036-esp32.com-index-7abd96d827.md","C:\KICAD_SCRAPE\ingest_v2\domain_seed_run_v2\raw_html\seedv2_000036-esp32.com-index-7abd96d827.html","C:\KICAD_SCRAPE\ingest_v2\domain_seed_run_v2\markdown\seedv2_000036-esp32.com-index-7abd96d827.md","","","","2026-05-10 12:50:58","false"
"seedv2_5c1a11f45ad3","https://phoenixcontact.com","https://phoenixcontact.com/","phoenixcontact.com","connector_land_pattern","power_buck_regulators","6_blog_or_general_web","failed","","","","","","The remote server returned an error: (403) Forbidden.","2026-05-10 12:56:28","true"
"seedv2_5ccb38677f8b","https://github.com/xesscorp/skidl","https://github.com/xesscorp/skidl","github.com","web_page","power_buck_regulators","6_blog_or_general_web","success","C:\KICAD_SCRAPE\ingest_v2\domain_seed_run_v2\markdown\seedv2_000052-github.com-xesscorp-skidl-a1bf11e7e6.md","C:\KICAD_SCRAPE\ingest_v2\domain_seed_run_v2\raw_html\seedv2_000052-github.com-xesscorp-skidl-a1bf11e7e6.html","C:\KICAD_SCRAPE\ingest_v2\domain_seed_run_v2\markdown\seedv2_000052-github.com-xesscorp-skidl-a1bf11e7e6.md","","","","2026-05-10 12:51:39","false"
"seedv2_5d631891b2e5","https://reddit.com/r/AskElectronics","https://reddit.com/r/AskElectronics","reddit.com","peer_review_failure_cases","power_buck_regulators","7_low_authority_context","success","C:\KICAD_SCRAPE\ingest_v2\domain_seed_run_v2\markdown\seedv2_000108-reddit.com-r-AskElectronics-17857ce823.md","C:\KICAD_SCRAPE\ingest_v2\domain_seed_run_v2\raw_html\seedv2_000108-reddit.com-r-AskElectronics-17857ce823.html","C:\KICAD_SCRAPE\ingest_v2\domain_seed_run_v2\markdown\seedv2_000108-reddit.com-r-AskElectronics-17857ce823.md","","","","2026-05-10 12:56:37","false"
"seedv2_5e30dda6c7db","https://calpoly.edu","https://calpoly.edu/","calpoly.edu","university_training","power_buck_regulators","4_university_training","success","C:\KICAD_SCRAPE\ingest_v2\domain_seed_run_v2\markdown\seedv2_000016-calpoly.edu-index-162ab734db.md","C:\KICAD_SCRAPE\ingest_v2\domain_seed_run_v2\raw_html\seedv2_000016-calpoly.edu-index-162ab734db.html","C:\KICAD_SCRAPE\ingest_v2\domain_seed_run_v2\markdown\seedv2_000016-calpoly.edu-index-162ab734db.md","","","","2026-05-10 12:44:18","false"
"seedv2_60f457a826fa","https://ntrs.nasa.gov","https://ntrs.nasa.gov/","ntrs.nasa.gov","standards_high_reliability","power_buck_regulators","3_high_reliability_or_standards","success","C:\KICAD_SCRAPE\ingest_v2\domain_seed_run_v2\markdown\seedv2_000091-ntrs.nasa.gov-index-f7442ff4f4.md","C:\KICAD_SCRAPE\ingest_v2\domain_seed_run_v2\raw_html\seedv2_000091-ntrs.nasa.gov-index-f7442ff4f4.html","C:\KICAD_SCRAPE\ingest_v2\domain_seed_run_v2\markdown\seedv2_000091-ntrs.nasa.gov-index-f7442ff4f4.md","","","","2026-05-10 12:55:59","false"
"seedv2_6153b8d18094","https://raspberrypi.com","https://raspberrypi.com/","raspberrypi.com","manufacturer","power_buck_regulators","6_blog_or_general_web","failed","","","","","","The remote server returned an error: (403) Forbidden.","2026-05-10 12:56:36","true"
"seedv2_62c5de35a8a1","https://docs.kicad.org","https://docs.kicad.org/","docs.kicad.org","kicad_official","kicad","2_official_kicad","success","C:\KICAD_SCRAPE\ingest_v2\domain_seed_run_v2\markdown\seedv2_000026-docs.kicad.org-index-ac8af7774a.md","C:\KICAD_SCRAPE\ingest_v2\domain_seed_run_v2\raw_html\seedv2_000026-docs.kicad.org-index-ac8af7774a.html","C:\KICAD_SCRAPE\ingest_v2\domain_seed_run_v2\markdown\seedv2_000026-docs.kicad.org-index-ac8af7774a.md","","","","2026-05-10 12:47:36","false"
"seedv2_639a9ae2cfbd","https://jlcpcb.com","https://jlcpcb.com/","jlcpcb.com","fabricator_dfm","power_buck_regulators","3_fabricator_dfm","success","C:\KICAD_SCRAPE\ingest_v2\domain_seed_run_v2\markdown\seedv2_000066-jlcpcb.com-index-da7de6f6c9.md","C:\KICAD_SCRAPE\ingest_v2\domain_seed_run_v2\raw_html\seedv2_000066-jlcpcb.com-index-da7de6f6c9.html","C:\KICAD_SCRAPE\ingest_v2\domain_seed_run_v2\markdown\seedv2_000066-jlcpcb.com-index-da7de6f6c9.md","","","","2026-05-10 12:52:10","false"
"seedv2_665514e3404b","https://keysight.com","https://keysight.com/","keysight.com","test_measurement_si_emi","power_buck_regulators","6_blog_or_general_web","failed","","","","","","The remote server returned an error: (403) Forbidden.","2026-05-10 12:52:20","true"
"seedv2_676d669e0455","https://umich.edu","https://umich.edu/","umich.edu","university_training","power_buck_regulators","4_university_training","failed","","","","","","The remote server returned an error: (403) Forbidden.","2026-05-10 13:01:47","true"
"seedv2_68aa0cea7a27","https://elecrow.com","https://elecrow.com/","elecrow.com","fabricator_dfm","power_buck_regulators","3_fabricator_dfm","success","C:\KICAD_SCRAPE\ingest_v2\domain_seed_run_v2\markdown\seedv2_000032-elecrow.com-index-d59d9f0b8a.md","C:\KICAD_SCRAPE\ingest_v2\domain_seed_run_v2\raw_html\seedv2_000032-elecrow.com-index-d59d9f0b8a.html","C:\KICAD_SCRAPE\ingest_v2\domain_seed_run_v2\markdown\seedv2_000032-elecrow.com-index-d59d9f0b8a.md","","","","2026-05-10 12:47:51","false"
"seedv2_69435fa55d51","https://docs.kicad.org/kicad-python-main","https://docs.kicad.org/kicad-python-main","docs.kicad.org","kicad_official","kicad","2_official_kicad","success","C:\KICAD_SCRAPE\ingest_v2\domain_seed_run_v2\markdown\seedv2_000027-docs.kicad.org-kicad-python-main-7e7fd7bdf9.md","C:\KICAD_SCRAPE\ingest_v2\domain_seed_run_v2\raw_html\seedv2_000027-docs.kicad.org-kicad-python-main-7e7fd7bdf9.html","C:\KICAD_SCRAPE\ingest_v2\domain_seed_run_v2\markdown\seedv2_000027-docs.kicad.org-kicad-python-main-7e7fd7bdf9.md","","","","2026-05-10 12:47:38","false"
"seedv2_6b39aa8e9870","https://github.com/freerouting/freerouting","https://github.com/freerouting/freerouting","github.com","web_page","power_buck_regulators","6_blog_or_general_web","success","C:\KICAD_SCRAPE\ingest_v2\domain_seed_run_v2\markdown\seedv2_000047-github.com-freerouting-freerouting-dbb5a062e6.md","C:\KICAD_SCRAPE\ingest_v2\domain_seed_run_v2\raw_html\seedv2_000047-github.com-freerouting-freerouting-dbb5a062e6.html","C:\KICAD_SCRAPE\ingest_v2\domain_seed_run_v2\markdown\seedv2_000047-github.com-freerouting-freerouting-dbb5a062e6.md","","","","2026-05-10 12:51:24","false"
"seedv2_6e8c2ce358c5","https://renesas.com","https://renesas.com/","renesas.com","manufacturer","power_buck_regulators","6_blog_or_general_web","success","C:\KICAD_SCRAPE\ingest_v2\domain_seed_run_v2\markdown\seedv2_000114-renesas.com-index-8a1a43ebdd.md","C:\KICAD_SCRAPE\ingest_v2\domain_seed_run_v2\raw_html\seedv2_000114-renesas.com-index-8a1a43ebdd.html","C:\KICAD_SCRAPE\ingest_v2\domain_seed_run_v2\markdown\seedv2_000114-renesas.com-index-8a1a43ebdd.md","","","","2026-05-10 12:56:46","false"
"seedv2_6ea26c729e0d","https://hackaday.com","https://hackaday.com/","hackaday.com","peer_review_failure_cases","power_buck_regulators","6_blog_or_general_web","success","C:\KICAD_SCRAPE\ingest_v2\domain_seed_run_v2\markdown\seedv2_000059-hackaday.com-index-f8c5c0325d.md","C:\KICAD_SCRAPE\ingest_v2\domain_seed_run_v2\raw_html\seedv2_000059-hackaday.com-index-f8c5c0325d.html","C:\KICAD_SCRAPE\ingest_v2\domain_seed_run_v2\markdown\seedv2_000059-hackaday.com-index-f8c5c0325d.md","","","","2026-05-10 12:51:50","false"
"seedv2_6fbb76c291f4","https://illinois.edu","https://illinois.edu/","illinois.edu","university_training","power_buck_regulators","4_university_training","success","C:\KICAD_SCRAPE\ingest_v2\domain_seed_run_v2\markdown\seedv2_000063-illinois.edu-index-4e2a2d5bc8.md","C:\KICAD_SCRAPE\ingest_v2\domain_seed_run_v2\raw_html\seedv2_000063-illinois.edu-index-4e2a2d5bc8.html","C:\KICAD_SCRAPE\ingest_v2\domain_seed_run_v2\markdown\seedv2_000063-illinois.edu-index-4e2a2d5bc8.md","","","","2026-05-10 12:52:00","false"
"seedv2_7488ddbc3b0d","https://samtec.com","https://samtec.com/","samtec.com","connector_land_pattern","power_buck_regulators","6_blog_or_general_web","success","C:\KICAD_SCRAPE\ingest_v2\domain_seed_run_v2\markdown\seedv2_000122-samtec.com-index-9bf99245ec.md","C:\KICAD_SCRAPE\ingest_v2\domain_seed_run_v2\raw_html\seedv2_000122-samtec.com-index-9bf99245ec.html","C:\KICAD_SCRAPE\ingest_v2\domain_seed_run_v2\markdown\seedv2_000122-samtec.com-index-9bf99245ec.md","","","","2026-05-10 12:57:04","false"
"seedv2_7535fed98268","https://nexperia.com","https://nexperia.com/","nexperia.com","manufacturer","power_buck_regulators","6_blog_or_general_web","success","C:\KICAD_SCRAPE\ingest_v2\domain_seed_run_v2\markdown\seedv2_000087-nexperia.com-index-7a2fa209ad.md","C:\KICAD_SCRAPE\ingest_v2\domain_seed_run_v2\raw_html\seedv2_000087-nexperia.com-index-7a2fa209ad.html","C:\KICAD_SCRAPE\ingest_v2\domain_seed_run_v2\markdown\seedv2_000087-nexperia.com-index-7a2fa209ad.md","","","","2026-05-10 12:55:52","false"
"seedv2_76d30dd2f003","https://bourns.com","https://bourns.com/","bourns.com","manufacturer","power_buck_regulators","6_blog_or_general_web","success","C:\KICAD_SCRAPE\ingest_v2\domain_seed_run_v2\markdown\seedv2_000015-bourns.com-index-c38749cd22.md","C:\KICAD_SCRAPE\ingest_v2\domain_seed_run_v2\raw_html\seedv2_000015-bourns.com-index-c38749cd22.html","C:\KICAD_SCRAPE\ingest_v2\domain_seed_run_v2\markdown\seedv2_000015-bourns.com-index-c38749cd22.md","","","","2026-05-10 12:44:17","false"
"seedv2_7d5368553e1a","https://screamingcircuits.com","https://screamingcircuits.com/","screamingcircuits.com","fabricator_dfm","power_buck_regulators","6_blog_or_general_web","success","C:\KICAD_SCRAPE\ingest_v2\domain_seed_run_v2\markdown\seedv2_000123-screamingcircuits.com-index-86aa25e26c.md","C:\KICAD_SCRAPE\ingest_v2\domain_seed_run_v2\raw_html\seedv2_000123-screamingcircuits.com-index-86aa25e26c.html","C:\KICAD_SCRAPE\ingest_v2\domain_seed_run_v2\markdown\seedv2_000123-screamingcircuits.com-index-86aa25e26c.md","","","","2026-05-10 12:57:06","false"
"seedv2_7dbfaf3807f1","https://ecss.nl","https://ecss.nl/","ecss.nl","standards_high_reliability","power_buck_regulators","3_high_reliability_or_standards","success","C:\KICAD_SCRAPE\ingest_v2\domain_seed_run_v2\markdown\seedv2_000030-ecss.nl-index-132bd3a7d2.md","C:\KICAD_SCRAPE\ingest_v2\domain_seed_run_v2\raw_html\seedv2_000030-ecss.nl-index-132bd3a7d2.html","C:\KICAD_SCRAPE\ingest_v2\domain_seed_run_v2\markdown\seedv2_000030-ecss.nl-index-132bd3a7d2.md","","","","2026-05-10 12:47:43","false"
"seedv2_80dccf7f1c23","https://pcbgogo.com","https://pcbgogo.com/","pcbgogo.com","fabricator_dfm","power_buck_regulators","3_fabricator_dfm","success","C:\KICAD_SCRAPE\ingest_v2\domain_seed_run_v2\markdown\seedv2_000099-pcbgogo.com-index-da2e9e630b.md","C:\KICAD_SCRAPE\ingest_v2\domain_seed_run_v2\raw_html\seedv2_000099-pcbgogo.com-index-da2e9e630b.html","C:\KICAD_SCRAPE\ingest_v2\domain_seed_run_v2\markdown\seedv2_000099-pcbgogo.com-index-da2e9e630b.md","","","","2026-05-10 12:56:22","false"
"seedv2_8218ab4f632c","https://purdue.edu","https://purdue.edu/","purdue.edu","university_training","power_buck_regulators","4_university_training","success","C:\KICAD_SCRAPE\ingest_v2\domain_seed_run_v2\markdown\seedv2_000106-purdue.edu-index-0102d15df5.md","C:\KICAD_SCRAPE\ingest_v2\domain_seed_run_v2\raw_html\seedv2_000106-purdue.edu-index-0102d15df5.html","C:\KICAD_SCRAPE\ingest_v2\domain_seed_run_v2\markdown\seedv2_000106-purdue.edu-index-0102d15df5.md","","","","2026-05-10 12:56:35","false"
"seedv2_82500bb80b8c","https://power.com","https://power.com/","power.com","manufacturer","power_buck_regulators","6_blog_or_general_web","failed","","","","","","The remote server returned an error: (406) Not Acceptable.","2026-05-10 12:56:30","true"
"seedv2_82f3b84f79ec","https://teledynelecroy.com","https://teledynelecroy.com/","teledynelecroy.com","test_measurement_si_emi","power_buck_regulators","6_blog_or_general_web","success","C:\KICAD_SCRAPE\ingest_v2\domain_seed_run_v2\markdown\seedv2_000137-teledynelecroy.com-index-7b75927259.md","C:\KICAD_SCRAPE\ingest_v2\domain_seed_run_v2\raw_html\seedv2_000137-teledynelecroy.com-index-7b75927259.html","C:\KICAD_SCRAPE\ingest_v2\domain_seed_run_v2\markdown\seedv2_000137-teledynelecroy.com-index-7b75927259.md","","","","2026-05-10 13:01:37","false"
"seedv2_83e5134fc6eb","https://protoexpress.com","https://protoexpress.com/","protoexpress.com","fabricator_dfm","power_buck_regulators","3_fabricator_dfm","success","C:\KICAD_SCRAPE\ingest_v2\domain_seed_run_v2\markdown\seedv2_000105-protoexpress.com-index-1472c407dc.md","C:\KICAD_SCRAPE\ingest_v2\domain_seed_run_v2\raw_html\seedv2_000105-protoexpress.com-index-1472c407dc.html","C:\KICAD_SCRAPE\ingest_v2\domain_seed_run_v2\markdown\seedv2_000105-protoexpress.com-index-1472c407dc.md","","","","2026-05-10 12:56:33","false"
"seedv2_846cf23833a6","https://github.com/INTI-CMNB/KiCost","https://github.com/INTI-CMNB/KiCost","github.com","web_page","power_buck_regulators","6_blog_or_general_web","success","C:\KICAD_SCRAPE\ingest_v2\domain_seed_run_v2\markdown\seedv2_000049-github.com-INTI-CMNB-KiCost-4ad6c1994a.md","C:\KICAD_SCRAPE\ingest_v2\domain_seed_run_v2\raw_html\seedv2_000049-github.com-INTI-CMNB-KiCost-4ad6c1994a.html","C:\KICAD_SCRAPE\ingest_v2\domain_seed_run_v2\markdown\seedv2_000049-github.com-INTI-CMNB-KiCost-4ad6c1994a.md","","","","2026-05-10 12:51:30","false"
"seedv2_8479dbf612f8","https://gatech.edu","https://gatech.edu/","gatech.edu","university_training","power_buck_regulators","4_university_training","success","C:\KICAD_SCRAPE\ingest_v2\domain_seed_run_v2\markdown\seedv2_000043-gatech.edu-index-fa5dce616d.md","C:\KICAD_SCRAPE\ingest_v2\domain_seed_run_v2\raw_html\seedv2_000043-gatech.edu-index-fa5dce616d.html","C:\KICAD_SCRAPE\ingest_v2\domain_seed_run_v2\markdown\seedv2_000043-gatech.edu-index-fa5dce616d.md","","","","2026-05-10 12:51:13","false"
"seedv2_84d3974ab878","https://hirose.com","https://hirose.com/","hirose.com","connector_land_pattern","power_buck_regulators","6_blog_or_general_web","success","C:\KICAD_SCRAPE\ingest_v2\domain_seed_run_v2\markdown\seedv2_000061-hirose.com-index-5cf1d70bd6.md","C:\KICAD_SCRAPE\ingest_v2\domain_seed_run_v2\raw_html\seedv2_000061-hirose.com-index-5cf1d70bd6.html","C:\KICAD_SCRAPE\ingest_v2\domain_seed_run_v2\markdown\seedv2_000061-hirose.com-index-5cf1d70bd6.md","","","","2026-05-10 12:51:57","false"
"seedv2_8979ea91f69d","https://te.com","https://te.com/","te.com","connector_land_pattern","power_buck_regulators","6_blog_or_general_web","failed","","","","","","The underlying connection was closed: An unexpected error occurred on a send.","2026-05-10 13:01:32","true"
"seedv2_89a060e5f78d","https://ucsd.edu","https://ucsd.edu/","ucsd.edu","university_training","power_buck_regulators","4_university_training","success","C:\KICAD_SCRAPE\ingest_v2\domain_seed_run_v2\markdown\seedv2_000140-ucsd.edu-index-1b08845a0b.md","C:\KICAD_SCRAPE\ingest_v2\domain_seed_run_v2\raw_html\seedv2_000140-ucsd.edu-index-1b08845a0b.html","C:\KICAD_SCRAPE\ingest_v2\domain_seed_run_v2\markdown\seedv2_000140-ucsd.edu-index-1b08845a0b.md","","","","2026-05-10 13:01:41","false"
"seedv2_8d1fae4b5c8f","https://berkeley.edu","https://berkeley.edu/","berkeley.edu","university_training","power_buck_regulators","4_university_training","success","C:\KICAD_SCRAPE\ingest_v2\domain_seed_run_v2\markdown\seedv2_000012-berkeley.edu-index-31d99a8823.md","C:\KICAD_SCRAPE\ingest_v2\domain_seed_run_v2\raw_html\seedv2_000012-berkeley.edu-index-31d99a8823.html","C:\KICAD_SCRAPE\ingest_v2\domain_seed_run_v2\markdown\seedv2_000012-berkeley.edu-index-31d99a8823.md","","","","2026-05-10 12:44:10","false"
"seedv2_8d3b55ccb358","https://ourpcb.com","https://ourpcb.com/","ourpcb.com","fabricator_dfm","power_buck_regulators","6_blog_or_general_web","success","C:\KICAD_SCRAPE\ingest_v2\domain_seed_run_v2\markdown\seedv2_000096-ourpcb.com-index-2cc72349d8.md","C:\KICAD_SCRAPE\ingest_v2\domain_seed_run_v2\raw_html\seedv2_000096-ourpcb.com-index-2cc72349d8.html","C:\KICAD_SCRAPE\ingest_v2\domain_seed_run_v2\markdown\seedv2_000096-ourpcb.com-index-2cc72349d8.md","","","","2026-05-10 12:56:15","false"
"seedv2_8d6088f3f76c","https://forum.allaboutcircuits.com","https://forum.allaboutcircuits.com/","forum.allaboutcircuits.com","test_measurement_si_emi","power_buck_regulators","6_blog_or_general_web","success","C:\KICAD_SCRAPE\ingest_v2\domain_seed_run_v2\markdown\seedv2_000040-forum.allaboutcircuits.com-index-2664c351bd.md","C:\KICAD_SCRAPE\ingest_v2\domain_seed_run_v2\raw_html\seedv2_000040-forum.allaboutcircuits.com-index-2664c351bd.html","C:\KICAD_SCRAPE\ingest_v2\domain_seed_run_v2\markdown\seedv2_000040-forum.allaboutcircuits.com-index-2664c351bd.md","","","","2026-05-10 12:51:07","false"
"seedv2_8dff3192ae19","https://taoglas.com","https://taoglas.com/","taoglas.com","manufacturer","power_buck_regulators","6_blog_or_general_web","success","C:\KICAD_SCRAPE\ingest_v2\domain_seed_run_v2\markdown\seedv2_000133-taoglas.com-index-768d7575c4.md","C:\KICAD_SCRAPE\ingest_v2\domain_seed_run_v2\raw_html\seedv2_000133-taoglas.com-index-768d7575c4.html","C:\KICAD_SCRAPE\ingest_v2\domain_seed_run_v2\markdown\seedv2_000133-taoglas.com-index-768d7575c4.md","","","","2026-05-10 13:00:29","false"
"seedv2_8ea9e361e8f3","https://rohde-schwarz.com","https://rohde-schwarz.com/","rohde-schwarz.com","test_measurement_si_emi","power_buck_regulators","6_blog_or_general_web","success","C:\KICAD_SCRAPE\ingest_v2\domain_seed_run_v2\markdown\seedv2_000116-rohde-schwarz.com-index-2882d63a4a.md","C:\KICAD_SCRAPE\ingest_v2\domain_seed_run_v2\raw_html\seedv2_000116-rohde-schwarz.com-index-2882d63a4a.html","C:\KICAD_SCRAPE\ingest_v2\domain_seed_run_v2\markdown\seedv2_000116-rohde-schwarz.com-index-2882d63a4a.md","","","","2026-05-10 12:56:51","false"
"seedv2_95c5615b16fa","https://eevblog.com","https://eevblog.com/","eevblog.com","peer_review_failure_cases","power_buck_regulators","5_peer_review","success","C:\KICAD_SCRAPE\ingest_v2\domain_seed_run_v2\markdown\seedv2_000031-eevblog.com-index-0cdabe1369.md","C:\KICAD_SCRAPE\ingest_v2\domain_seed_run_v2\raw_html\seedv2_000031-eevblog.com-index-0cdabe1369.html","C:\KICAD_SCRAPE\ingest_v2\domain_seed_run_v2\markdown\seedv2_000031-eevblog.com-index-0cdabe1369.md","","","","2026-05-10 12:47:46","false"
"seedv2_961dbee4750f","https://ansi.org","https://ansi.org/","ansi.org","standards_high_reliability","power_buck_regulators","6_blog_or_general_web","failed","","","","","","The remote server returned an error: (403) Forbidden.","2026-05-10 12:44:01","true"
"seedv2_9b8d6edfb612","https://workmanship.nasa.gov","https://workmanship.nasa.gov/","workmanship.nasa.gov","standards_high_reliability","power_buck_regulators","3_high_reliability_or_standards","failed","","","","","","The remote name could not be resolved: 'workmanship.nasa.gov'","2026-05-10 13:02:26","true"
"seedv2_9c7fb2956e52","https://reddit.com/r/KiCad","https://reddit.com/r/KiCad","reddit.com","peer_review_failure_cases","kicad","7_low_authority_context","success","C:\KICAD_SCRAPE\ingest_v2\domain_seed_run_v2\markdown\seedv2_000112-reddit.com-r-KiCad-4cc8ab3c87.md","C:\KICAD_SCRAPE\ingest_v2\domain_seed_run_v2\raw_html\seedv2_000112-reddit.com-r-KiCad-4cc8ab3c87.html","C:\KICAD_SCRAPE\ingest_v2\domain_seed_run_v2\markdown\seedv2_000112-reddit.com-r-KiCad-4cc8ab3c87.md","","","","2026-05-10 12:56:42","false"
"seedv2_9e3c6221a144","https://allaboutcircuits.com","https://allaboutcircuits.com/","allaboutcircuits.com","test_measurement_si_emi","power_buck_regulators","6_blog_or_general_web","failed","","","","","","The remote server returned an error: (403) Forbidden.","2026-05-10 12:40:54","true"
"seedv2_9ec5b5781631","https://reddit.com/r/embedded","https://reddit.com/r/embedded","reddit.com","peer_review_failure_cases","power_buck_regulators","7_low_authority_context","success","C:\KICAD_SCRAPE\ingest_v2\domain_seed_run_v2\markdown\seedv2_000110-reddit.com-r-embedded-05f1cd6b80.md","C:\KICAD_SCRAPE\ingest_v2\domain_seed_run_v2\raw_html\seedv2_000110-reddit.com-r-embedded-05f1cd6b80.html","C:\KICAD_SCRAPE\ingest_v2\domain_seed_run_v2\markdown\seedv2_000110-reddit.com-r-embedded-05f1cd6b80.md","","","","2026-05-10 12:56:40","false"
"seedv2_a1961b1feb1f","https://signalintegrityjournal.com","https://signalintegrityjournal.com/","signalintegrityjournal.com","test_measurement_si_emi","power_buck_regulators","6_blog_or_general_web","success","C:\KICAD_SCRAPE\ingest_v2\domain_seed_run_v2\markdown\seedv2_000125-signalintegrityjournal.com-index-ef05f3ccc4.md","C:\KICAD_SCRAPE\ingest_v2\domain_seed_run_v2\raw_html\seedv2_000125-signalintegrityjournal.com-index-ef05f3ccc4.html","C:\KICAD_SCRAPE\ingest_v2\domain_seed_run_v2\markdown\seedv2_000125-signalintegrityjournal.com-index-ef05f3ccc4.md","","","","2026-05-10 12:57:12","false"
"seedv2_a4d2e20acb05","https://cmu.edu","https://cmu.edu/","cmu.edu","university_training","power_buck_regulators","4_university_training","success","C:\KICAD_SCRAPE\ingest_v2\domain_seed_run_v2\markdown\seedv2_000017-cmu.edu-index-f6fbc91327.md","C:\KICAD_SCRAPE\ingest_v2\domain_seed_run_v2\raw_html\seedv2_000017-cmu.edu-index-f6fbc91327.html","C:\KICAD_SCRAPE\ingest_v2\domain_seed_run_v2\markdown\seedv2_000017-cmu.edu-index-f6fbc91327.md","","","","2026-05-10 12:44:20","false"
"seedv2_a53a8fbdb31b","https://nxp.com","https://nxp.com/","nxp.com","manufacturer","power_buck_regulators","6_blog_or_general_web","failed","","","","","","The remote server returned an error: (404) Not Found.","2026-05-10 12:56:00","true"
"seedv2_a66e7b0e735d","https://onsemi.com","https://onsemi.com/","onsemi.com","manufacturer","power_buck_regulators","6_blog_or_general_web","failed","","","","","","The remote server returned an error: (403) Forbidden.","2026-05-10 12:56:10","true"
"seedv2_a6d1bcb925cd","https://rushpcb.com","https://rushpcb.com/","rushpcb.com","fabricator_dfm","power_buck_regulators","6_blog_or_general_web","success","C:\KICAD_SCRAPE\ingest_v2\domain_seed_run_v2\markdown\seedv2_000118-rushpcb.com-index-45ef848286.md","C:\KICAD_SCRAPE\ingest_v2\domain_seed_run_v2\raw_html\seedv2_000118-rushpcb.com-index-45ef848286.html","C:\KICAD_SCRAPE\ingest_v2\domain_seed_run_v2\markdown\seedv2_000118-rushpcb.com-index-45ef848286.md","","","","2026-05-10 12:56:57","false"
"seedv2_a7d8474356b4","https://fab.cba.mit.edu","https://fab.cba.mit.edu/","fab.cba.mit.edu","university_training","power_buck_regulators","4_university_training","success","C:\KICAD_SCRAPE\ingest_v2\domain_seed_run_v2\markdown\seedv2_000039-fab.cba.mit.edu-index-b9afb23be9.md","C:\KICAD_SCRAPE\ingest_v2\domain_seed_run_v2\raw_html\seedv2_000039-fab.cba.mit.edu-index-b9afb23be9.html","C:\KICAD_SCRAPE\ingest_v2\domain_seed_run_v2\markdown\seedv2_000039-fab.cba.mit.edu-index-b9afb23be9.md","","","","2026-05-10 12:51:05","false"
"seedv2_a80283d84655","https://standards.nasa.gov","https://standards.nasa.gov/","standards.nasa.gov","standards_high_reliability","power_buck_regulators","3_high_reliability_or_standards","success","C:\KICAD_SCRAPE\ingest_v2\domain_seed_run_v2\markdown\seedv2_000129-standards.nasa.gov-index-140ec04b0f.md","C:\KICAD_SCRAPE\ingest_v2\domain_seed_run_v2\raw_html\seedv2_000129-standards.nasa.gov-index-140ec04b0f.html","C:\KICAD_SCRAPE\ingest_v2\domain_seed_run_v2\markdown\seedv2_000129-standards.nasa.gov-index-140ec04b0f.md","","","","2026-05-10 13:00:18","false"
"seedv2_a8260d2e382f","https://kibot.readthedocs.io","https://kibot.readthedocs.io/","kibot.readthedocs.io","web_page","power_buck_regulators","6_blog_or_general_web","success","C:\KICAD_SCRAPE\ingest_v2\domain_seed_run_v2\markdown\seedv2_000071-kibot.readthedocs.io-index-e0b44b4b75.md","C:\KICAD_SCRAPE\ingest_v2\domain_seed_run_v2\raw_html\seedv2_000071-kibot.readthedocs.io-index-e0b44b4b75.html","C:\KICAD_SCRAPE\ingest_v2\domain_seed_run_v2\markdown\seedv2_000071-kibot.readthedocs.io-index-e0b44b4b75.md","","","","2026-05-10 12:52:21","false"
"seedv2_a8ce4615aa9b","https://electronics.stackexchange.com","https://electronics.stackexchange.com/","electronics.stackexchange.com","peer_review_failure_cases","power_buck_regulators","5_peer_review","success","C:\KICAD_SCRAPE\ingest_v2\domain_seed_run_v2\markdown\seedv2_000033-electronics.stackexchange.com-index-3cc9c55c27.md","C:\KICAD_SCRAPE\ingest_v2\domain_seed_run_v2\raw_html\seedv2_000033-electronics.stackexchange.com-index-3cc9c55c27.html","C:\KICAD_SCRAPE\ingest_v2\domain_seed_run_v2\markdown\seedv2_000033-electronics.stackexchange.com-index-3cc9c55c27.md","","","","2026-05-10 12:47:53","false"
"seedv2_a9445de2b816","https://dev-docs.kicad.org","https://dev-docs.kicad.org/","dev-docs.kicad.org","kicad_official","kicad","2_official_kicad","success","C:\KICAD_SCRAPE\ingest_v2\domain_seed_run_v2\markdown\seedv2_000022-dev-docs.kicad.org-index-f4eb280f1c.md","C:\KICAD_SCRAPE\ingest_v2\domain_seed_run_v2\raw_html\seedv2_000022-dev-docs.kicad.org-index-f4eb280f1c.html","C:\KICAD_SCRAPE\ingest_v2\domain_seed_run_v2\markdown\seedv2_000022-dev-docs.kicad.org-index-f4eb280f1c.md","","","","2026-05-10 12:47:29","false"
"seedv2_aaad18bcaa3e","https://s3vi.ndc.nasa.gov","https://s3vi.ndc.nasa.gov/","s3vi.ndc.nasa.gov","standards_high_reliability","power_buck_regulators","6_blog_or_general_web","success","C:\KICAD_SCRAPE\ingest_v2\domain_seed_run_v2\markdown\seedv2_000119-s3vi.ndc.nasa.gov-index-019ffda115.md","C:\KICAD_SCRAPE\ingest_v2\domain_seed_run_v2\raw_html\seedv2_000119-s3vi.ndc.nasa.gov-index-019ffda115.html","C:\KICAD_SCRAPE\ingest_v2\domain_seed_run_v2\markdown\seedv2_000119-s3vi.ndc.nasa.gov-index-019ffda115.md","","","","2026-05-10 12:56:58","false"
"seedv2_ac8be305bd7f","https://digikey.com","https://digikey.com/","digikey.com","cad_models_part_intelligence","power_buck_regulators","6_blog_or_general_web","failed","","","","","","The remote server returned an error: (403) Forbidden.","2026-05-10 12:47:31","true"
"seedv2_af1c581bf053","https://reddit.com/r/ElectricalEngineering","https://reddit.com/r/ElectricalEngineering","reddit.com","peer_review_failure_cases","power_buck_regulators","7_low_authority_context","success","C:\KICAD_SCRAPE\ingest_v2\domain_seed_run_v2\markdown\seedv2_000109-reddit.com-r-ElectricalEngineering-379a7d241c.md","C:\KICAD_SCRAPE\ingest_v2\domain_seed_run_v2\raw_html\seedv2_000109-reddit.com-r-ElectricalEngineering-379a7d241c.html","C:\KICAD_SCRAPE\ingest_v2\domain_seed_run_v2\markdown\seedv2_000109-reddit.com-r-ElectricalEngineering-379a7d241c.md","","","","2026-05-10 12:56:39","false"
"seedv2_b05f2050505a","https://pcbway.com","https://pcbway.com/","pcbway.com","fabricator_dfm","power_buck_regulators","3_fabricator_dfm","success","C:\KICAD_SCRAPE\ingest_v2\domain_seed_run_v2\markdown\seedv2_000101-pcbway.com-index-2250c91b3c.md","C:\KICAD_SCRAPE\ingest_v2\domain_seed_run_v2\raw_html\seedv2_000101-pcbway.com-index-2250c91b3c.html","C:\KICAD_SCRAPE\ingest_v2\domain_seed_run_v2\markdown\seedv2_000101-pcbway.com-index-2250c91b3c.md","","","","2026-05-10 12:56:26","false"
"seedv2_b2fc50fe8a2b","https://cui.com","https://cui.com/","cui.com","connector_land_pattern","power_buck_regulators","6_blog_or_general_web","success","C:\KICAD_SCRAPE\ingest_v2\domain_seed_run_v2\markdown\seedv2_000021-cui.com-index-87048fa08d.md","C:\KICAD_SCRAPE\ingest_v2\domain_seed_run_v2\raw_html\seedv2_000021-cui.com-index-87048fa08d.html","C:\KICAD_SCRAPE\ingest_v2\domain_seed_run_v2\markdown\seedv2_000021-cui.com-index-87048fa08d.md","","","","2026-05-10 12:47:28","false"
"seedv2_b30cc19f5c19","https://esa.int","https://esa.int/","esa.int","standards_high_reliability","power_buck_regulators","3_high_reliability_or_standards","success","C:\KICAD_SCRAPE\ingest_v2\domain_seed_run_v2\markdown\seedv2_000035-esa.int-index-35b640fd50.md","C:\KICAD_SCRAPE\ingest_v2\domain_seed_run_v2\raw_html\seedv2_000035-esa.int-index-35b640fd50.html","C:\KICAD_SCRAPE\ingest_v2\domain_seed_run_v2\markdown\seedv2_000035-esa.int-index-35b640fd50.md","","","","2026-05-10 12:50:56","false"
"seedv2_b34d6c254bfe","https://forum.arduino.cc","https://forum.arduino.cc/","forum.arduino.cc","peer_review_failure_cases","power_buck_regulators","6_blog_or_general_web","success","C:\KICAD_SCRAPE\ingest_v2\domain_seed_run_v2\markdown\seedv2_000041-forum.arduino.cc-index-a69cfb3219.md","C:\KICAD_SCRAPE\ingest_v2\domain_seed_run_v2\raw_html\seedv2_000041-forum.arduino.cc-index-a69cfb3219.html","C:\KICAD_SCRAPE\ingest_v2\domain_seed_run_v2\markdown\seedv2_000041-forum.arduino.cc-index-a69cfb3219.md","","","","2026-05-10 12:51:09","false"
"seedv2_b7d2c5cf4135","https://murata.com","https://murata.com/","murata.com","manufacturer","power_buck_regulators","6_blog_or_general_web","success","C:\KICAD_SCRAPE\ingest_v2\domain_seed_run_v2\markdown\seedv2_000084-murata.com-index-7d5cfbdc76.md","C:\KICAD_SCRAPE\ingest_v2\domain_seed_run_v2\raw_html\seedv2_000084-murata.com-index-7d5cfbdc76.html","C:\KICAD_SCRAPE\ingest_v2\domain_seed_run_v2\markdown\seedv2_000084-murata.com-index-7d5cfbdc76.md","","","","2026-05-10 12:55:47","false"
"seedv2_bbe1ed27cee0","https://nextpcb.com","https://nextpcb.com/","nextpcb.com","fabricator_dfm","power_buck_regulators","6_blog_or_general_web","success","C:\KICAD_SCRAPE\ingest_v2\domain_seed_run_v2\markdown\seedv2_000088-nextpcb.com-index-5060e4b31e.md","C:\KICAD_SCRAPE\ingest_v2\domain_seed_run_v2\raw_html\seedv2_000088-nextpcb.com-index-5060e4b31e.html","C:\KICAD_SCRAPE\ingest_v2\domain_seed_run_v2\markdown\seedv2_000088-nextpcb.com-index-5060e4b31e.md","","","","2026-05-10 12:55:55","false"
"seedv2_c0f2862cb7cd","https://samacsys.com","https://samacsys.com/","samacsys.com","cad_models_part_intelligence","power_buck_regulators","6_blog_or_general_web","failed","","","","","","The remote name could not be resolved: 'samacsys.com'","2026-05-10 12:57:00","true"
"seedv2_c114bee4f25f","https://richtek.com","https://richtek.com/","richtek.com","manufacturer","power_buck_regulators","6_blog_or_general_web","success","C:\KICAD_SCRAPE\ingest_v2\domain_seed_run_v2\markdown\seedv2_000115-richtek.com-index-6a3f61b1f1.md","C:\KICAD_SCRAPE\ingest_v2\domain_seed_run_v2\raw_html\seedv2_000115-richtek.com-index-6a3f61b1f1.html","C:\KICAD_SCRAPE\ingest_v2\domain_seed_run_v2\markdown\seedv2_000115-richtek.com-index-6a3f61b1f1.md","","","","2026-05-10 12:56:49","false"
"seedv2_c1b51ded9580","https://cornell.edu","https://cornell.edu/","cornell.edu","university_training","power_buck_regulators","4_university_training","success","C:\KICAD_SCRAPE\ingest_v2\domain_seed_run_v2\markdown\seedv2_000020-cornell.edu-index-a12bc12aad.md","C:\KICAD_SCRAPE\ingest_v2\domain_seed_run_v2\raw_html\seedv2_000020-cornell.edu-index-a12bc12aad.html","C:\KICAD_SCRAPE\ingest_v2\domain_seed_run_v2\markdown\seedv2_000020-cornell.edu-index-a12bc12aad.md","","","","2026-05-10 12:47:25","false"
"seedv2_c23531f5af86","https://st.com","https://st.com/","st.com","manufacturer","power_buck_regulators","6_blog_or_general_web","failed","","","","","","The operation has timed out.","2026-05-10 13:00:17","true"
"seedv2_c34a4c796782","https://jst-mfg.com","https://jst-mfg.com/","jst-mfg.com","connector_land_pattern","power_buck_regulators","6_blog_or_general_web","failed","","","","","","The remote name could not be resolved: 'jst-mfg.com'","2026-05-10 12:52:13","true"
"seedv2_c40a50f6f677","https://wpi.edu","https://wpi.edu/","wpi.edu","university_training","power_buck_regulators","4_university_training","success","C:\KICAD_SCRAPE\ingest_v2\domain_seed_run_v2\markdown\seedv2_000152-wpi.edu-index-cf4885ac2a.md","C:\KICAD_SCRAPE\ingest_v2\domain_seed_run_v2\raw_html\seedv2_000152-wpi.edu-index-cf4885ac2a.html","C:\KICAD_SCRAPE\ingest_v2\domain_seed_run_v2\markdown\seedv2_000152-wpi.edu-index-cf4885ac2a.md","","","","2026-05-10 13:02:28","false"
"seedv2_c40b819f346b","https://gitlab.com/kicad/libraries/kicad-footprints","https://gitlab.com/kicad/libraries/kicad-footprints","gitlab.com","kicad_official","kicad","2_official_kicad","success","C:\KICAD_SCRAPE\ingest_v2\domain_seed_run_v2\markdown\seedv2_000055-gitlab.com-kicad-libraries-kicad-footprints-5cfaec7373.md","C:\KICAD_SCRAPE\ingest_v2\domain_seed_run_v2\raw_html\seedv2_000055-gitlab.com-kicad-libraries-kicad-footprints-5cfaec7373.html","C:\KICAD_SCRAPE\ingest_v2\domain_seed_run_v2\markdown\seedv2_000055-gitlab.com-kicad-libraries-kicad-footprints-5cfaec7373.md","","","","2026-05-10 12:51:44","false"
"seedv2_c490c84d704e","https://github.com/faebryk/faebryk","https://github.com/faebryk/faebryk","github.com","web_page","power_buck_regulators","6_blog_or_general_web","success","C:\KICAD_SCRAPE\ingest_v2\domain_seed_run_v2\markdown\seedv2_000046-github.com-faebryk-faebryk-2e195e5b5e.md","C:\KICAD_SCRAPE\ingest_v2\domain_seed_run_v2\raw_html\seedv2_000046-github.com-faebryk-faebryk-2e195e5b5e.html","C:\KICAD_SCRAPE\ingest_v2\domain_seed_run_v2\markdown\seedv2_000046-github.com-faebryk-faebryk-2e195e5b5e.md","","","","2026-05-10 12:51:20","false"
"seedv2_c62eaa2891c4","https://polar-instruments.com","https://polar-instruments.com/","polar-instruments.com","test_measurement_si_emi","power_buck_regulators","6_blog_or_general_web","failed","","","","","","The remote name could not be resolved: 'polar-instruments.com'","2026-05-10 12:56:29","true"
"seedv2_c8dceb52f69e","https://gitlab.com/kicad/libraries/kicad-library-utils","https://gitlab.com/kicad/libraries/kicad-library-utils","gitlab.com","kicad_official","kicad","2_official_kicad","success","C:\KICAD_SCRAPE\ingest_v2\domain_seed_run_v2\markdown\seedv2_000056-gitlab.com-kicad-libraries-kicad-library-utils-811aae03f0.md","C:\KICAD_SCRAPE\ingest_v2\domain_seed_run_v2\raw_html\seedv2_000056-gitlab.com-kicad-libraries-kicad-library-utils-811aae03f0.html","C:\KICAD_SCRAPE\ingest_v2\domain_seed_run_v2\markdown\seedv2_000056-gitlab.com-kicad-libraries-kicad-library-utils-811aae03f0.md","","","","2026-05-10 12:51:46","false"
"seedv2_cb62a2ccb9d2","https://github.com/KiCad","https://github.com/KiCad","github.com","kicad_official","kicad","2_official_kicad","success","C:\KICAD_SCRAPE\ingest_v2\domain_seed_run_v2\markdown\seedv2_000050-github.com-KiCad-8a5f0e28bc.md","C:\KICAD_SCRAPE\ingest_v2\domain_seed_run_v2\raw_html\seedv2_000050-github.com-KiCad-8a5f0e28bc.html","C:\KICAD_SCRAPE\ingest_v2\domain_seed_run_v2\markdown\seedv2_000050-github.com-KiCad-8a5f0e28bc.md","","","","2026-05-10 12:51:33","false"
"seedv2_ccf2e7908a9f","https://yageo.com","https://yageo.com/","yageo.com","manufacturer","power_buck_regulators","6_blog_or_general_web","failed","","","","","","The remote name could not be resolved: 'yageo.com'","2026-05-10 13:02:31","true"
"seedv2_cd0ac2329ba1","https://electronics-tutorials.ws","https://electronics-tutorials.ws/","electronics-tutorials.ws","test_measurement_si_emi","power_buck_regulators","6_blog_or_general_web","failed","","","","","","The operation has timed out.","2026-05-10 12:50:54","true"
"seedv2_cd6db7e4fe3c","https://harwin.com","https://harwin.com/","harwin.com","connector_land_pattern","power_buck_regulators","6_blog_or_general_web","success","C:\KICAD_SCRAPE\ingest_v2\domain_seed_run_v2\markdown\seedv2_000060-harwin.com-index-b1321b09c4.md","C:\KICAD_SCRAPE\ingest_v2\domain_seed_run_v2\raw_html\seedv2_000060-harwin.com-index-b1321b09c4.html","C:\KICAD_SCRAPE\ingest_v2\domain_seed_run_v2\markdown\seedv2_000060-harwin.com-index-b1321b09c4.md","","","","2026-05-10 12:51:53","false"
"seedv2_cee81e071d7d","https://tempoautomation.com","https://tempoautomation.com/","tempoautomation.com","fabricator_dfm","power_buck_regulators","6_blog_or_general_web","failed","","","","","","The remote name could not be resolved: 'tempoautomation.com'","2026-05-10 13:01:38","true"
"seedv2_d61b7cb83e3e","https://4pcb.com","https://4pcb.com","4pcb.com","fabricator_dfm","power_buck_regulators","3_fabricator_dfm","success","C:\KICAD_SCRAPE\ingest_v2\domain_seed_run_v2\markdown\seedv2_000001-4pcb.com-index-f069e4ca08.md","C:\KICAD_SCRAPE\ingest_v2\domain_seed_run_v2\raw_html\seedv2_000001-4pcb.com-index-f069e4ca08.html","C:\KICAD_SCRAPE\ingest_v2\domain_seed_run_v2\markdown\seedv2_000001-4pcb.com-index-f069e4ca08.md","","","","2026-05-10 12:40:48","false"
"seedv2_d705374a2a54","https://usb.org","https://usb.org/","usb.org","web_page","usb_c_high_speed_esd","6_blog_or_general_web","success","C:\KICAD_SCRAPE\ingest_v2\domain_seed_run_v2\markdown\seedv2_000144-usb.org-index-e858e0069a.md","C:\KICAD_SCRAPE\ingest_v2\domain_seed_run_v2\raw_html\seedv2_000144-usb.org-index-e858e0069a.html","C:\KICAD_SCRAPE\ingest_v2\domain_seed_run_v2\markdown\seedv2_000144-usb.org-index-e858e0069a.md","","","","2026-05-10 13:01:49","false"
"seedv2_dabf8453edf7","https://gitlab.com/kicad","https://gitlab.com/kicad","gitlab.com","kicad_official","kicad","2_official_kicad","success","C:\KICAD_SCRAPE\ingest_v2\domain_seed_run_v2\markdown\seedv2_000054-gitlab.com-kicad-2b80eb7b92.md","C:\KICAD_SCRAPE\ingest_v2\domain_seed_run_v2\raw_html\seedv2_000054-gitlab.com-kicad-2b80eb7b92.html","C:\KICAD_SCRAPE\ingest_v2\domain_seed_run_v2\markdown\seedv2_000054-gitlab.com-kicad-2b80eb7b92.md","","","","2026-05-10 12:51:43","false"
"seedv2_db16f49a5282","https://xyce.sandia.gov","https://xyce.sandia.gov/","xyce.sandia.gov","web_page","power_buck_regulators","6_blog_or_general_web","success","C:\KICAD_SCRAPE\ingest_v2\domain_seed_run_v2\markdown\seedv2_000153-xyce.sandia.gov-index-60f9feb558.md","C:\KICAD_SCRAPE\ingest_v2\domain_seed_run_v2\raw_html\seedv2_000153-xyce.sandia.gov-index-60f9feb558.html","C:\KICAD_SCRAPE\ingest_v2\domain_seed_run_v2\markdown\seedv2_000153-xyce.sandia.gov-index-60f9feb558.md","","","","2026-05-10 13:02:30","false"
"seedv2_db4aedd680dc","https://maxlinear.com","https://maxlinear.com/","maxlinear.com","manufacturer","power_buck_regulators","6_blog_or_general_web","success","C:\KICAD_SCRAPE\ingest_v2\domain_seed_run_v2\markdown\seedv2_000077-maxlinear.com-index-f369e1b211.md","C:\KICAD_SCRAPE\ingest_v2\domain_seed_run_v2\raw_html\seedv2_000077-maxlinear.com-index-f369e1b211.html","C:\KICAD_SCRAPE\ingest_v2\domain_seed_run_v2\markdown\seedv2_000077-maxlinear.com-index-f369e1b211.md","","","","2026-05-10 12:52:34","false"
"seedv2_dd71d16690d2","https://gitlab.com/kicad/libraries/kicad-symbols","https://gitlab.com/kicad/libraries/kicad-symbols","gitlab.com","kicad_official","kicad","2_official_kicad","success","C:\KICAD_SCRAPE\ingest_v2\domain_seed_run_v2\markdown\seedv2_000058-gitlab.com-kicad-libraries-kicad-symbols-52b2941cf3.md","C:\KICAD_SCRAPE\ingest_v2\domain_seed_run_v2\raw_html\seedv2_000058-gitlab.com-kicad-libraries-kicad-symbols-52b2941cf3.html","C:\KICAD_SCRAPE\ingest_v2\domain_seed_run_v2\markdown\seedv2_000058-gitlab.com-kicad-libraries-kicad-symbols-52b2941cf3.md","","","","2026-05-10 12:51:49","false"
"seedv2_df3ed942a2c8","https://allpcb.com","https://allpcb.com/","allpcb.com","fabricator_dfm","power_buck_regulators","6_blog_or_general_web","success","C:\KICAD_SCRAPE\ingest_v2\domain_seed_run_v2\markdown\seedv2_000006-allpcb.com-index-55931dc964.md","C:\KICAD_SCRAPE\ingest_v2\domain_seed_run_v2\raw_html\seedv2_000006-allpcb.com-index-55931dc964.html","C:\KICAD_SCRAPE\ingest_v2\domain_seed_run_v2\markdown\seedv2_000006-allpcb.com-index-55931dc964.md","","","","2026-05-10 12:40:58","false"
"seedv2_e1b9e14194a2","https://eurocircuits.com","https://eurocircuits.com/","eurocircuits.com","fabricator_dfm","power_buck_regulators","3_fabricator_dfm","success","C:\KICAD_SCRAPE\ingest_v2\domain_seed_run_v2\markdown\seedv2_000038-eurocircuits.com-index-55aa972353.md","C:\KICAD_SCRAPE\ingest_v2\domain_seed_run_v2\raw_html\seedv2_000038-eurocircuits.com-index-55aa972353.html","C:\KICAD_SCRAPE\ingest_v2\domain_seed_run_v2\markdown\seedv2_000038-eurocircuits.com-index-55aa972353.md","","","","2026-05-10 12:51:03","false"
"seedv2_e2842420c405","https://vishay.com","https://vishay.com/","vishay.com","manufacturer","power_buck_regulators","6_blog_or_general_web","success","C:\KICAD_SCRAPE\ingest_v2\domain_seed_run_v2\markdown\seedv2_000148-vishay.com-index-5bb1fb9504.md","C:\KICAD_SCRAPE\ingest_v2\domain_seed_run_v2\raw_html\seedv2_000148-vishay.com-index-5bb1fb9504.html","C:\KICAD_SCRAPE\ingest_v2\domain_seed_run_v2\markdown\seedv2_000148-vishay.com-index-5bb1fb9504.md","","","","2026-05-10 13:02:19","false"
"seedv2_e2e74553ae86","https://vicorpower.com","https://vicorpower.com/","vicorpower.com","manufacturer","power_buck_regulators","6_blog_or_general_web","success","C:\KICAD_SCRAPE\ingest_v2\domain_seed_run_v2\markdown\seedv2_000147-vicorpower.com-index-2eb837e22f.md","C:\KICAD_SCRAPE\ingest_v2\domain_seed_run_v2\raw_html\seedv2_000147-vicorpower.com-index-2eb837e22f.html","C:\KICAD_SCRAPE\ingest_v2\domain_seed_run_v2\markdown\seedv2_000147-vicorpower.com-index-2eb837e22f.md","","","","2026-05-10 13:02:16","false"
"seedv2_e31621a8e7c3","https://tdk.com","https://tdk.com/","tdk.com","manufacturer","power_buck_regulators","6_blog_or_general_web","success","C:\KICAD_SCRAPE\ingest_v2\domain_seed_run_v2\markdown\seedv2_000134-tdk.com-index-f48784fe59.md","C:\KICAD_SCRAPE\ingest_v2\domain_seed_run_v2\raw_html\seedv2_000134-tdk.com-index-f48784fe59.html","C:\KICAD_SCRAPE\ingest_v2\domain_seed_run_v2\markdown\seedv2_000134-tdk.com-index-f48784fe59.md","","","","2026-05-10 13:00:50","false"
"seedv2_e47e759fe13e","https://lcsc.com","https://lcsc.com/","lcsc.com","cad_models_part_intelligence","power_buck_regulators","6_blog_or_general_web","success","C:\KICAD_SCRAPE\ingest_v2\domain_seed_run_v2\markdown\seedv2_000074-lcsc.com-index-e15e4ca5c6.md","C:\KICAD_SCRAPE\ingest_v2\domain_seed_run_v2\raw_html\seedv2_000074-lcsc.com-index-e15e4ca5c6.html","C:\KICAD_SCRAPE\ingest_v2\domain_seed_run_v2\markdown\seedv2_000074-lcsc.com-index-e15e4ca5c6.md","","","","2026-05-10 12:52:29","false"
"seedv2_e49c368fc1dd","https://we-online.com","https://we-online.com/","we-online.com","manufacturer","power_buck_regulators","6_blog_or_general_web","success","C:\KICAD_SCRAPE\ingest_v2\domain_seed_run_v2\markdown\seedv2_000150-we-online.com-index-39b6f43c0d.md","C:\KICAD_SCRAPE\ingest_v2\domain_seed_run_v2\raw_html\seedv2_000150-we-online.com-index-39b6f43c0d.html","C:\KICAD_SCRAPE\ingest_v2\domain_seed_run_v2\markdown\seedv2_000150-we-online.com-index-39b6f43c0d.md","","","","2026-05-10 13:02:25","false"
"seedv2_e64dec241f3a","https://littelfuse.com","https://littelfuse.com/","littelfuse.com","manufacturer","power_buck_regulators","6_blog_or_general_web","failed","","","","","","The remote server returned an error: (403) Forbidden.","2026-05-10 12:52:30","true"
"seedv2_e6a92da7174e","https://github.com/INTI-CMNB/KiBot","https://github.com/INTI-CMNB/KiBot","github.com","web_page","power_buck_regulators","6_blog_or_general_web","success","C:\KICAD_SCRAPE\ingest_v2\domain_seed_run_v2\markdown\seedv2_000048-github.com-INTI-CMNB-KiBot-446c97e602.md","C:\KICAD_SCRAPE\ingest_v2\domain_seed_run_v2\raw_html\seedv2_000048-github.com-INTI-CMNB-KiBot-446c97e602.html","C:\KICAD_SCRAPE\ingest_v2\domain_seed_run_v2\markdown\seedv2_000048-github.com-INTI-CMNB-KiBot-446c97e602.md","","","","2026-05-10 12:51:27","false"
"seedv2_e6ad8d1153f9","https://github.com/atopile/atopile","https://github.com/atopile/atopile","github.com","web_page","power_buck_regulators","6_blog_or_general_web","success","C:\KICAD_SCRAPE\ingest_v2\domain_seed_run_v2\markdown\seedv2_000045-github.com-atopile-atopile-202a30e4bc.md","C:\KICAD_SCRAPE\ingest_v2\domain_seed_run_v2\raw_html\seedv2_000045-github.com-atopile-atopile-202a30e4bc.html","C:\KICAD_SCRAPE\ingest_v2\domain_seed_run_v2\markdown\seedv2_000045-github.com-atopile-atopile-202a30e4bc.md","","","","2026-05-10 12:51:18","false"
"seedv2_e6f9fd8b0f30","https://kicad.org","https://kicad.org/","kicad.org","kicad_official","kicad","2_official_kicad","success","C:\KICAD_SCRAPE\ingest_v2\domain_seed_run_v2\markdown\seedv2_000072-kicad.org-index-ee6d5d9987.md","C:\KICAD_SCRAPE\ingest_v2\domain_seed_run_v2\raw_html\seedv2_000072-kicad.org-index-ee6d5d9987.html","C:\KICAD_SCRAPE\ingest_v2\domain_seed_run_v2\markdown\seedv2_000072-kicad.org-index-ee6d5d9987.md","","","","2026-05-10 12:52:24","false"
"seedv2_e803213754b9","https://abracon.com","https://abracon.com/","abracon.com","manufacturer","power_buck_regulators","6_blog_or_general_web","failed","","","","","","The remote server returned an error: (403) Forbidden.","2026-05-10 12:40:49","true"
"seedv2_e8433d35f173","https://antenova.com","https://antenova.com/","antenova.com","manufacturer","power_buck_regulators","6_blog_or_general_web","success","C:\KICAD_SCRAPE\ingest_v2\domain_seed_run_v2\markdown\seedv2_000010-antenova.com-index-b851c1d739.md","C:\KICAD_SCRAPE\ingest_v2\domain_seed_run_v2\raw_html\seedv2_000010-antenova.com-index-b851c1d739.html","C:\KICAD_SCRAPE\ingest_v2\domain_seed_run_v2\markdown\seedv2_000010-antenova.com-index-b851c1d739.md","","","","2026-05-10 12:44:04","false"
"seedv2_e9033bfee6a7","https://seeedstudio.com","https://seeedstudio.com/","seeedstudio.com","fabricator_dfm","power_buck_regulators","3_fabricator_dfm","success","C:\KICAD_SCRAPE\ingest_v2\domain_seed_run_v2\markdown\seedv2_000124-seeedstudio.com-index-485477d852.md","C:\KICAD_SCRAPE\ingest_v2\domain_seed_run_v2\raw_html\seedv2_000124-seeedstudio.com-index-485477d852.html","C:\KICAD_SCRAPE\ingest_v2\domain_seed_run_v2\markdown\seedv2_000124-seeedstudio.com-index-485477d852.md","","","","2026-05-10 12:57:10","false"
"seedv2_e92a2e9a1697","https://docs.espressif.com","https://docs.espressif.com/","docs.espressif.com","manufacturer","esp32_rf_wifi","6_blog_or_general_web","success","C:\KICAD_SCRAPE\ingest_v2\domain_seed_run_v2\markdown\seedv2_000025-docs.espressif.com-index-4c5f7a7cbb.md","C:\KICAD_SCRAPE\ingest_v2\domain_seed_run_v2\raw_html\seedv2_000025-docs.espressif.com-index-4c5f7a7cbb.html","C:\KICAD_SCRAPE\ingest_v2\domain_seed_run_v2\markdown\seedv2_000025-docs.espressif.com-index-4c5f7a7cbb.md","","","","2026-05-10 12:47:34","false"
"seedv2_e9d078a3cca0","https://panasonic.com","https://panasonic.com/","panasonic.com","manufacturer","power_buck_regulators","6_blog_or_general_web","failed","","","","","","The remote server returned an error: (403) Forbidden.","2026-05-10 12:56:17","true"
"seedv2_eb34d47b6dde","https://ul.com","https://ul.com/","ul.com","standards_high_reliability","power_buck_regulators","3_high_reliability_or_standards","success","C:\KICAD_SCRAPE\ingest_v2\domain_seed_run_v2\markdown\seedv2_000141-ul.com-index-92890f4d81.md","C:\KICAD_SCRAPE\ingest_v2\domain_seed_run_v2\raw_html\seedv2_000141-ul.com-index-92890f4d81.html","C:\KICAD_SCRAPE\ingest_v2\domain_seed_run_v2\markdown\seedv2_000141-ul.com-index-92890f4d81.md","","","","2026-05-10 13:01:43","false"
"seedv2_edd94f3dafea","https://forum.kicad.info","https://forum.kicad.info/","forum.kicad.info","peer_review_failure_cases","kicad","5_peer_review","success","C:\KICAD_SCRAPE\ingest_v2\domain_seed_run_v2\markdown\seedv2_000042-forum.kicad.info-index-88e43812e8.md","C:\KICAD_SCRAPE\ingest_v2\domain_seed_run_v2\raw_html\seedv2_000042-forum.kicad.info-index-88e43812e8.html","C:\KICAD_SCRAPE\ingest_v2\domain_seed_run_v2\markdown\seedv2_000042-forum.kicad.info-index-88e43812e8.md","","","","2026-05-10 12:51:11","false"
"seedv2_f1eaf46dbec0","https://rohm.com","https://rohm.com/","rohm.com","manufacturer","power_buck_regulators","6_blog_or_general_web","success","C:\KICAD_SCRAPE\ingest_v2\domain_seed_run_v2\markdown\seedv2_000117-rohm.com-index-f7f24e919f.md","C:\KICAD_SCRAPE\ingest_v2\domain_seed_run_v2\raw_html\seedv2_000117-rohm.com-index-f7f24e919f.html","C:\KICAD_SCRAPE\ingest_v2\domain_seed_run_v2\markdown\seedv2_000117-rohm.com-index-f7f24e919f.md","","","","2026-05-10 12:56:55","false"
"seedv2_f38c7f23796f","https://macrofab.com","https://macrofab.com/","macrofab.com","fabricator_dfm","power_buck_regulators","3_fabricator_dfm","success","C:\KICAD_SCRAPE\ingest_v2\domain_seed_run_v2\markdown\seedv2_000076-macrofab.com-index-1897db2f08.md","C:\KICAD_SCRAPE\ingest_v2\domain_seed_run_v2\raw_html\seedv2_000076-macrofab.com-index-1897db2f08.html","C:\KICAD_SCRAPE\ingest_v2\domain_seed_run_v2\markdown\seedv2_000076-macrofab.com-index-1897db2f08.md","","","","2026-05-10 12:52:32","false"
"seedv2_f5d70931a922","https://tek.com","https://tek.com/","tek.com","test_measurement_si_emi","power_buck_regulators","6_blog_or_general_web","success","C:\KICAD_SCRAPE\ingest_v2\domain_seed_run_v2\markdown\seedv2_000136-tek.com-index-49942e7da1.md","C:\KICAD_SCRAPE\ingest_v2\domain_seed_run_v2\raw_html\seedv2_000136-tek.com-index-49942e7da1.html","C:\KICAD_SCRAPE\ingest_v2\domain_seed_run_v2\markdown\seedv2_000136-tek.com-index-49942e7da1.md","","","","2026-05-10 13:01:35","false"
"seedv2_f80ebd0fa9f4","https://nepp.nasa.gov","https://nepp.nasa.gov/","nepp.nasa.gov","standards_high_reliability","power_buck_regulators","3_high_reliability_or_standards","success","C:\KICAD_SCRAPE\ingest_v2\domain_seed_run_v2\markdown\seedv2_000085-nepp.nasa.gov-index-099eb2b274.md","C:\KICAD_SCRAPE\ingest_v2\domain_seed_run_v2\raw_html\seedv2_000085-nepp.nasa.gov-index-099eb2b274.html","C:\KICAD_SCRAPE\ingest_v2\domain_seed_run_v2\markdown\seedv2_000085-nepp.nasa.gov-index-099eb2b274.md","","","","2026-05-10 12:55:48","false"
"seedv2_f93d752640a0","https://github.com/yaqwsx/KiKit","https://github.com/yaqwsx/KiKit","github.com","web_page","power_buck_regulators","6_blog_or_general_web","success","C:\KICAD_SCRAPE\ingest_v2\domain_seed_run_v2\markdown\seedv2_000053-github.com-yaqwsx-KiKit-d1cf9e2ce0.md","C:\KICAD_SCRAPE\ingest_v2\domain_seed_run_v2\raw_html\seedv2_000053-github.com-yaqwsx-KiKit-d1cf9e2ce0.html","C:\KICAD_SCRAPE\ingest_v2\domain_seed_run_v2\markdown\seedv2_000053-github.com-yaqwsx-KiKit-d1cf9e2ce0.md","","","","2026-05-10 12:51:42","false"
"seedv2_fbbae5aa305e","https://bittele.com","https://bittele.com/","bittele.com","fabricator_dfm","power_buck_regulators","6_blog_or_general_web","success","C:\KICAD_SCRAPE\ingest_v2\domain_seed_run_v2\markdown\seedv2_000013-bittele.com-index-ce9ba96e0e.md","C:\KICAD_SCRAPE\ingest_v2\domain_seed_run_v2\raw_html\seedv2_000013-bittele.com-index-ce9ba96e0e.html","C:\KICAD_SCRAPE\ingest_v2\domain_seed_run_v2\markdown\seedv2_000013-bittele.com-index-ce9ba96e0e.md","","","","2026-05-10 12:44:13","false"
