vendor,family,part_number,document_type,title,source_url,local_folder,redistribution_status,verification_status,notes
STMicroelectronics,ALL_STM32,ALL_STM32,portfolio_page,STM32 32-bit Arm Cortex MCUs official portfolio,https://www.st.com/en/microcontrollers-microprocessors/stm32-32-bit-arm-cortex-mcus.html,06_DATASHEETS/01_MICROCONTROLLERS/STMICRO_STM32,PUBLIC_LINK_ONLY,OFFICIAL_SOURCE_LINK,Official ST portfolio starting point. Use exact product pages for part-level work.
STMicroelectronics,ALL_STM32,ALL_STM32,application_note,AN2606 STM32 microcontroller system memory boot mode,https://www.st.com/resource/en/application_note/an2606-stm32-microcontroller-system-memory-boot-mode-stmicroelectronics.pdf,06_DATASHEETS/01_MICROCONTROLLERS/STMICRO_STM32/DESIGN_GUIDES,LINK_ONLY_DO_NOT_BUNDLE_PDF,OFFICIAL_SOURCE_LINK,Official ST bootloader/boot-mode reference. Link only; do not bundle PDF unless redistribution is reviewed.
STMicroelectronics,ALL_STM32,ALL_STM32,application_note,AN2867 oscillator design guide for STM8AF/STM8AL/S and STM32 MCUs and MPUs,https://www.st.com/resource/en/application_note/an2867-oscillator-design-guide-for-stm8afals-stm32-mcus-and-mpus-stmicroelectronics.pdf,06_DATASHEETS/01_MICROCONTROLLERS/STMICRO_STM32/DESIGN_GUIDES,LINK_ONLY_DO_NOT_BUNDLE_PDF,OFFICIAL_SOURCE_LINK,Official ST oscillator/crystal guidance. Verify selected crystal and board layout separately.
STMicroelectronics,ALL_STM32,ALL_STM32,application_note,AN4879 introduction to USB hardware and PCB guidelines using STM32 MCUs,https://www.st.com/resource/en/application_note/an4879-introduction-to-usb-hardware-and-pcb-guidelines-using-stm32-mcus-stmicroelectronics.pdf,06_DATASHEETS/01_MICROCONTROLLERS/STMICRO_STM32/DESIGN_GUIDES,LINK_ONLY_DO_NOT_BUNDLE_PDF,OFFICIAL_SOURCE_LINK,Official ST USB hardware/layout guidance. Use only when exact part supports required USB function.
STMicroelectronics,ALL_STM32,ST-LINK,debug_programming_hub,STM32 programming and hardware development tools,https://www.st.com/en/development-tools/hardware-debugger-and-programmer-tools-for-stm32.html,06_DATASHEETS/01_MICROCONTROLLERS/STMICRO_STM32/PROGRAMMING_DEBUG_STLINK,PUBLIC_LINK_ONLY,OFFICIAL_SOURCE_LINK,Official ST hardware debug/programming tools page.
STMicroelectronics,ALL_STM32,STM32CubeMX,planning_tool,STM32CubeMX official configuration and code-generation tool,https://www.st.com/en/development-tools/stm32cubemx.html,06_DATASHEETS/01_MICROCONTROLLERS/STMICRO_STM32/DESIGN_GUIDES,PUBLIC_LINK_ONLY,OFFICIAL_SOURCE_LINK,Use as planning aid only. It does not replace datasheet/reference-manual verification.
STMicroelectronics,STM32F0,STM32F0,family_page,STM32F0 official family page,https://www.st.com/en/microcontrollers-microprocessors/stm32f0-series.html,06_DATASHEETS/01_MICROCONTROLLERS/STMICRO_STM32/STM32F0,PUBLIC_LINK_ONLY,OFFICIAL_SOURCE_LINK,Official ST family landing page.
STMicroelectronics,STM32F0,STM32F0,datasheet_index,STM32F0 datasheet index via official family documentation,https://www.st.com/en/microcontrollers-microprocessors/stm32f0-series.html,06_DATASHEETS/01_MICROCONTROLLERS/STMICRO_STM32/STM32F0,PUBLIC_LINK_ONLY,NEEDS_REVIEW,Exact datasheet links must be selected per part/order code.
STMicroelectronics,STM32F0,STM32F0,reference_manual_index,STM32F0 reference manual index via official family documentation,https://www.st.com/en/microcontrollers-microprocessors/stm32f0-series.html,06_DATASHEETS/01_MICROCONTROLLERS/STMICRO_STM32/STM32F0,PUBLIC_LINK_ONLY,NEEDS_REVIEW,Exact reference manual links must be selected per subfamily/part.
STMicroelectronics,STM32F0,STM32F0,errata_index,STM32F0 errata index via official family documentation,https://www.st.com/en/microcontrollers-microprocessors/stm32f0-series.html,06_DATASHEETS/01_MICROCONTROLLERS/STMICRO_STM32/STM32F0,PUBLIC_LINK_ONLY,NEEDS_REVIEW,Exact errata sheet must be selected per part/subfamily.
STMicroelectronics,STM32F0,STM32F0,application_note_index,STM32F0 application notes via official family documentation,https://www.st.com/en/microcontrollers-microprocessors/stm32f0-series.html,06_DATASHEETS/01_MICROCONTROLLERS/STMICRO_STM32/STM32F0,PUBLIC_LINK_ONLY,NEEDS_REVIEW,Use official Documentation tab; do not infer app-note applicability.
STMicroelectronics,STM32F1,STM32F1,family_page,STM32F1 official family page,https://www.st.com/en/microcontrollers-microprocessors/stm32f1-series.html,06_DATASHEETS/01_MICROCONTROLLERS/STMICRO_STM32/STM32F1,PUBLIC_LINK_ONLY,OFFICIAL_SOURCE_LINK,Official ST family landing page.
STMicroelectronics,STM32F1,STM32F1,datasheet_index,STM32F1 datasheet index via official family documentation,https://www.st.com/en/microcontrollers-microprocessors/stm32f1-series.html,06_DATASHEETS/01_MICROCONTROLLERS/STMICRO_STM32/STM32F1,PUBLIC_LINK_ONLY,NEEDS_REVIEW,Exact datasheet links must be selected per part/order code.
STMicroelectronics,STM32F1,STM32F1,reference_manual_index,STM32F1 reference manual index via official family documentation,https://www.st.com/en/microcontrollers-microprocessors/stm32f1-series.html,06_DATASHEETS/01_MICROCONTROLLERS/STMICRO_STM32/STM32F1,PUBLIC_LINK_ONLY,NEEDS_REVIEW,Exact reference manual links must be selected per subfamily/part.
STMicroelectronics,STM32F1,STM32F1,errata_index,STM32F1 errata index via official family documentation,https://www.st.com/en/microcontrollers-microprocessors/stm32f1-series.html,06_DATASHEETS/01_MICROCONTROLLERS/STMICRO_STM32/STM32F1,PUBLIC_LINK_ONLY,NEEDS_REVIEW,Exact errata sheet must be selected per part/subfamily.
STMicroelectronics,STM32F1,STM32F1,application_note_index,STM32F1 application notes via official family documentation,https://www.st.com/en/microcontrollers-microprocessors/stm32f1-series.html,06_DATASHEETS/01_MICROCONTROLLERS/STMICRO_STM32/STM32F1,PUBLIC_LINK_ONLY,NEEDS_REVIEW,Use official Documentation tab; do not infer app-note applicability.
STMicroelectronics,STM32F2,STM32F2,family_page,STM32F2 official family page,https://www.st.com/en/microcontrollers-microprocessors/stm32f2-series.html,06_DATASHEETS/01_MICROCONTROLLERS/STMICRO_STM32/STM32F2,PUBLIC_LINK_ONLY,OFFICIAL_SOURCE_LINK,Official ST family landing page.
STMicroelectronics,STM32F2,STM32F2,datasheet_index,STM32F2 datasheet index via official family documentation,https://www.st.com/en/microcontrollers-microprocessors/stm32f2-series.html,06_DATASHEETS/01_MICROCONTROLLERS/STMICRO_STM32/STM32F2,PUBLIC_LINK_ONLY,NEEDS_REVIEW,Exact datasheet links must be selected per part/order code.
STMicroelectronics,STM32F2,STM32F2,reference_manual_index,STM32F2 reference manual index via official family documentation,https://www.st.com/en/microcontrollers-microprocessors/stm32f2-series.html,06_DATASHEETS/01_MICROCONTROLLERS/STMICRO_STM32/STM32F2,PUBLIC_LINK_ONLY,NEEDS_REVIEW,Exact reference manual links must be selected per subfamily/part.
STMicroelectronics,STM32F2,STM32F2,errata_index,STM32F2 errata index via official family documentation,https://www.st.com/en/microcontrollers-microprocessors/stm32f2-series.html,06_DATASHEETS/01_MICROCONTROLLERS/STMICRO_STM32/STM32F2,PUBLIC_LINK_ONLY,NEEDS_REVIEW,Exact errata sheet must be selected per part/subfamily.
STMicroelectronics,STM32F2,STM32F2,application_note_index,STM32F2 application notes via official family documentation,https://www.st.com/en/microcontrollers-microprocessors/stm32f2-series.html,06_DATASHEETS/01_MICROCONTROLLERS/STMICRO_STM32/STM32F2,PUBLIC_LINK_ONLY,NEEDS_REVIEW,Use official Documentation tab; do not infer app-note applicability.
STMicroelectronics,STM32F3,STM32F3,family_page,STM32F3 official family page,https://www.st.com/en/microcontrollers-microprocessors/stm32f3-series.html,06_DATASHEETS/01_MICROCONTROLLERS/STMICRO_STM32/STM32F3,PUBLIC_LINK_ONLY,OFFICIAL_SOURCE_LINK,Official ST family landing page.
STMicroelectronics,STM32F3,STM32F3,datasheet_index,STM32F3 datasheet index via official family documentation,https://www.st.com/en/microcontrollers-microprocessors/stm32f3-series.html,06_DATASHEETS/01_MICROCONTROLLERS/STMICRO_STM32/STM32F3,PUBLIC_LINK_ONLY,NEEDS_REVIEW,Exact datasheet links must be selected per part/order code.
STMicroelectronics,STM32F3,STM32F3,reference_manual_index,STM32F3 reference manual index via official family documentation,https://www.st.com/en/microcontrollers-microprocessors/stm32f3-series.html,06_DATASHEETS/01_MICROCONTROLLERS/STMICRO_STM32/STM32F3,PUBLIC_LINK_ONLY,NEEDS_REVIEW,Exact reference manual links must be selected per subfamily/part.
STMicroelectronics,STM32F3,STM32F3,errata_index,STM32F3 errata index via official family documentation,https://www.st.com/en/microcontrollers-microprocessors/stm32f3-series.html,06_DATASHEETS/01_MICROCONTROLLERS/STMICRO_STM32/STM32F3,PUBLIC_LINK_ONLY,NEEDS_REVIEW,Exact errata sheet must be selected per part/subfamily.
STMicroelectronics,STM32F3,STM32F3,application_note_index,STM32F3 application notes via official family documentation,https://www.st.com/en/microcontrollers-microprocessors/stm32f3-series.html,06_DATASHEETS/01_MICROCONTROLLERS/STMICRO_STM32/STM32F3,PUBLIC_LINK_ONLY,NEEDS_REVIEW,Use official Documentation tab; do not infer app-note applicability.
STMicroelectronics,STM32F4,STM32F4,family_page,STM32F4 official family page,https://www.st.com/en/microcontrollers-microprocessors/stm32f4-series.html,06_DATASHEETS/01_MICROCONTROLLERS/STMICRO_STM32/STM32F4,PUBLIC_LINK_ONLY,OFFICIAL_SOURCE_LINK,Official ST family landing page.
STMicroelectronics,STM32F4,STM32F4,datasheet_index,STM32F4 datasheet index via official family documentation,https://www.st.com/en/microcontrollers-microprocessors/stm32f4-series.html,06_DATASHEETS/01_MICROCONTROLLERS/STMICRO_STM32/STM32F4,PUBLIC_LINK_ONLY,NEEDS_REVIEW,Exact datasheet links must be selected per part/order code.
STMicroelectronics,STM32F4,STM32F4,reference_manual_index,STM32F4 reference manual index via official family documentation,https://www.st.com/en/microcontrollers-microprocessors/stm32f4-series.html,06_DATASHEETS/01_MICROCONTROLLERS/STMICRO_STM32/STM32F4,PUBLIC_LINK_ONLY,NEEDS_REVIEW,Exact reference manual links must be selected per subfamily/part.
STMicroelectronics,STM32F4,STM32F4,errata_index,STM32F4 errata index via official family documentation,https://www.st.com/en/microcontrollers-microprocessors/stm32f4-series.html,06_DATASHEETS/01_MICROCONTROLLERS/STMICRO_STM32/STM32F4,PUBLIC_LINK_ONLY,NEEDS_REVIEW,Exact errata sheet must be selected per part/subfamily.
STMicroelectronics,STM32F4,STM32F4,application_note_index,STM32F4 application notes via official family documentation,https://www.st.com/en/microcontrollers-microprocessors/stm32f4-series.html,06_DATASHEETS/01_MICROCONTROLLERS/STMICRO_STM32/STM32F4,PUBLIC_LINK_ONLY,NEEDS_REVIEW,Use official Documentation tab; do not infer app-note applicability.
STMicroelectronics,STM32F7,STM32F7,family_page,STM32F7 official family page,https://www.st.com/en/microcontrollers-microprocessors/stm32f7-series.html,06_DATASHEETS/01_MICROCONTROLLERS/STMICRO_STM32/STM32F7,PUBLIC_LINK_ONLY,OFFICIAL_SOURCE_LINK,Official ST family landing page.
STMicroelectronics,STM32F7,STM32F7,datasheet_index,STM32F7 datasheet index via official family documentation,https://www.st.com/en/microcontrollers-microprocessors/stm32f7-series.html,06_DATASHEETS/01_MICROCONTROLLERS/STMICRO_STM32/STM32F7,PUBLIC_LINK_ONLY,NEEDS_REVIEW,Exact datasheet links must be selected per part/order code.
STMicroelectronics,STM32F7,STM32F7,reference_manual_index,STM32F7 reference manual index via official family documentation,https://www.st.com/en/microcontrollers-microprocessors/stm32f7-series.html,06_DATASHEETS/01_MICROCONTROLLERS/STMICRO_STM32/STM32F7,PUBLIC_LINK_ONLY,NEEDS_REVIEW,Exact reference manual links must be selected per subfamily/part.
STMicroelectronics,STM32F7,STM32F7,errata_index,STM32F7 errata index via official family documentation,https://www.st.com/en/microcontrollers-microprocessors/stm32f7-series.html,06_DATASHEETS/01_MICROCONTROLLERS/STMICRO_STM32/STM32F7,PUBLIC_LINK_ONLY,NEEDS_REVIEW,Exact errata sheet must be selected per part/subfamily.
STMicroelectronics,STM32F7,STM32F7,application_note_index,STM32F7 application notes via official family documentation,https://www.st.com/en/microcontrollers-microprocessors/stm32f7-series.html,06_DATASHEETS/01_MICROCONTROLLERS/STMICRO_STM32/STM32F7,PUBLIC_LINK_ONLY,NEEDS_REVIEW,Use official Documentation tab; do not infer app-note applicability.
STMicroelectronics,STM32G0,STM32G0,family_page,STM32G0 official family page,https://www.st.com/en/microcontrollers-microprocessors/stm32g0-series.html,06_DATASHEETS/01_MICROCONTROLLERS/STMICRO_STM32/STM32G0,PUBLIC_LINK_ONLY,OFFICIAL_SOURCE_LINK,Official ST family landing page.
STMicroelectronics,STM32G0,STM32G0,datasheet_index,STM32G0 datasheet index via official family documentation,https://www.st.com/en/microcontrollers-microprocessors/stm32g0-series.html,06_DATASHEETS/01_MICROCONTROLLERS/STMICRO_STM32/STM32G0,PUBLIC_LINK_ONLY,NEEDS_REVIEW,Exact datasheet links must be selected per part/order code.
STMicroelectronics,STM32G0,STM32G0,reference_manual_index,STM32G0 reference manual index via official family documentation,https://www.st.com/en/microcontrollers-microprocessors/stm32g0-series.html,06_DATASHEETS/01_MICROCONTROLLERS/STMICRO_STM32/STM32G0,PUBLIC_LINK_ONLY,NEEDS_REVIEW,Exact reference manual links must be selected per subfamily/part.
STMicroelectronics,STM32G0,STM32G0,errata_index,STM32G0 errata index via official family documentation,https://www.st.com/en/microcontrollers-microprocessors/stm32g0-series.html,06_DATASHEETS/01_MICROCONTROLLERS/STMICRO_STM32/STM32G0,PUBLIC_LINK_ONLY,NEEDS_REVIEW,Exact errata sheet must be selected per part/subfamily.
STMicroelectronics,STM32G0,STM32G0,application_note_index,STM32G0 application notes via official family documentation,https://www.st.com/en/microcontrollers-microprocessors/stm32g0-series.html,06_DATASHEETS/01_MICROCONTROLLERS/STMICRO_STM32/STM32G0,PUBLIC_LINK_ONLY,NEEDS_REVIEW,Use official Documentation tab; do not infer app-note applicability.
STMicroelectronics,STM32G4,STM32G4,family_page,STM32G4 official family page,https://www.st.com/en/microcontrollers-microprocessors/stm32g4-series.html,06_DATASHEETS/01_MICROCONTROLLERS/STMICRO_STM32/STM32G4,PUBLIC_LINK_ONLY,OFFICIAL_SOURCE_LINK,Official ST family landing page.
STMicroelectronics,STM32G4,STM32G4,datasheet_index,STM32G4 datasheet index via official family documentation,https://www.st.com/en/microcontrollers-microprocessors/stm32g4-series.html,06_DATASHEETS/01_MICROCONTROLLERS/STMICRO_STM32/STM32G4,PUBLIC_LINK_ONLY,NEEDS_REVIEW,Exact datasheet links must be selected per part/order code.
STMicroelectronics,STM32G4,STM32G4,reference_manual_index,STM32G4 reference manual index via official family documentation,https://www.st.com/en/microcontrollers-microprocessors/stm32g4-series.html,06_DATASHEETS/01_MICROCONTROLLERS/STMICRO_STM32/STM32G4,PUBLIC_LINK_ONLY,NEEDS_REVIEW,Exact reference manual links must be selected per subfamily/part.
STMicroelectronics,STM32G4,STM32G4,errata_index,STM32G4 errata index via official family documentation,https://www.st.com/en/microcontrollers-microprocessors/stm32g4-series.html,06_DATASHEETS/01_MICROCONTROLLERS/STMICRO_STM32/STM32G4,PUBLIC_LINK_ONLY,NEEDS_REVIEW,Exact errata sheet must be selected per part/subfamily.
STMicroelectronics,STM32G4,STM32G4,application_note_index,STM32G4 application notes via official family documentation,https://www.st.com/en/microcontrollers-microprocessors/stm32g4-series.html,06_DATASHEETS/01_MICROCONTROLLERS/STMICRO_STM32/STM32G4,PUBLIC_LINK_ONLY,NEEDS_REVIEW,Use official Documentation tab; do not infer app-note applicability.
STMicroelectronics,STM32H5,STM32H5,family_page,STM32H5 official family page,https://www.st.com/en/microcontrollers-microprocessors/stm32h5-series.html,06_DATASHEETS/01_MICROCONTROLLERS/STMICRO_STM32/STM32H5,PUBLIC_LINK_ONLY,OFFICIAL_SOURCE_LINK,Official ST family landing page.
STMicroelectronics,STM32H5,STM32H5,datasheet_index,STM32H5 datasheet index via official family documentation,https://www.st.com/en/microcontrollers-microprocessors/stm32h5-series.html,06_DATASHEETS/01_MICROCONTROLLERS/STMICRO_STM32/STM32H5,PUBLIC_LINK_ONLY,NEEDS_REVIEW,Exact datasheet links must be selected per part/order code.
STMicroelectronics,STM32H5,STM32H5,reference_manual_index,STM32H5 reference manual index via official family documentation,https://www.st.com/en/microcontrollers-microprocessors/stm32h5-series.html,06_DATASHEETS/01_MICROCONTROLLERS/STMICRO_STM32/STM32H5,PUBLIC_LINK_ONLY,NEEDS_REVIEW,Exact reference manual links must be selected per subfamily/part.
STMicroelectronics,STM32H5,STM32H5,errata_index,STM32H5 errata index via official family documentation,https://www.st.com/en/microcontrollers-microprocessors/stm32h5-series.html,06_DATASHEETS/01_MICROCONTROLLERS/STMICRO_STM32/STM32H5,PUBLIC_LINK_ONLY,NEEDS_REVIEW,Exact errata sheet must be selected per part/subfamily.
STMicroelectronics,STM32H5,STM32H5,application_note_index,STM32H5 application notes via official family documentation,https://www.st.com/en/microcontrollers-microprocessors/stm32h5-series.html,06_DATASHEETS/01_MICROCONTROLLERS/STMICRO_STM32/STM32H5,PUBLIC_LINK_ONLY,NEEDS_REVIEW,Use official Documentation tab; do not infer app-note applicability.
STMicroelectronics,STM32H7,STM32H7,family_page,STM32H7 official family page,https://www.st.com/en/microcontrollers-microprocessors/stm32h7-series.html,06_DATASHEETS/01_MICROCONTROLLERS/STMICRO_STM32/STM32H7,PUBLIC_LINK_ONLY,OFFICIAL_SOURCE_LINK,Official ST family landing page.
STMicroelectronics,STM32H7,STM32H7,datasheet_index,STM32H7 datasheet index via official family documentation,https://www.st.com/en/microcontrollers-microprocessors/stm32h7-series.html,06_DATASHEETS/01_MICROCONTROLLERS/STMICRO_STM32/STM32H7,PUBLIC_LINK_ONLY,NEEDS_REVIEW,Exact datasheet links must be selected per part/order code.
STMicroelectronics,STM32H7,STM32H7,reference_manual_index,STM32H7 reference manual index via official family documentation,https://www.st.com/en/microcontrollers-microprocessors/stm32h7-series.html,06_DATASHEETS/01_MICROCONTROLLERS/STMICRO_STM32/STM32H7,PUBLIC_LINK_ONLY,NEEDS_REVIEW,Exact reference manual links must be selected per subfamily/part.
STMicroelectronics,STM32H7,STM32H7,errata_index,STM32H7 errata index via official family documentation,https://www.st.com/en/microcontrollers-microprocessors/stm32h7-series.html,06_DATASHEETS/01_MICROCONTROLLERS/STMICRO_STM32/STM32H7,PUBLIC_LINK_ONLY,NEEDS_REVIEW,Exact errata sheet must be selected per part/subfamily.
STMicroelectronics,STM32H7,STM32H7,application_note_index,STM32H7 application notes via official family documentation,https://www.st.com/en/microcontrollers-microprocessors/stm32h7-series.html,06_DATASHEETS/01_MICROCONTROLLERS/STMICRO_STM32/STM32H7,PUBLIC_LINK_ONLY,NEEDS_REVIEW,Use official Documentation tab; do not infer app-note applicability.
STMicroelectronics,STM32L0,STM32L0,family_page,STM32L0 official family page,https://www.st.com/en/microcontrollers-microprocessors/stm32l0-series.html,06_DATASHEETS/01_MICROCONTROLLERS/STMICRO_STM32/STM32L0,PUBLIC_LINK_ONLY,OFFICIAL_SOURCE_LINK,Official ST family landing page.
STMicroelectronics,STM32L0,STM32L0,datasheet_index,STM32L0 datasheet index via official family documentation,https://www.st.com/en/microcontrollers-microprocessors/stm32l0-series.html,06_DATASHEETS/01_MICROCONTROLLERS/STMICRO_STM32/STM32L0,PUBLIC_LINK_ONLY,NEEDS_REVIEW,Exact datasheet links must be selected per part/order code.
STMicroelectronics,STM32L0,STM32L0,reference_manual_index,STM32L0 reference manual index via official family documentation,https://www.st.com/en/microcontrollers-microprocessors/stm32l0-series.html,06_DATASHEETS/01_MICROCONTROLLERS/STMICRO_STM32/STM32L0,PUBLIC_LINK_ONLY,NEEDS_REVIEW,Exact reference manual links must be selected per subfamily/part.
STMicroelectronics,STM32L0,STM32L0,errata_index,STM32L0 errata index via official family documentation,https://www.st.com/en/microcontrollers-microprocessors/stm32l0-series.html,06_DATASHEETS/01_MICROCONTROLLERS/STMICRO_STM32/STM32L0,PUBLIC_LINK_ONLY,NEEDS_REVIEW,Exact errata sheet must be selected per part/subfamily.
STMicroelectronics,STM32L0,STM32L0,application_note_index,STM32L0 application notes via official family documentation,https://www.st.com/en/microcontrollers-microprocessors/stm32l0-series.html,06_DATASHEETS/01_MICROCONTROLLERS/STMICRO_STM32/STM32L0,PUBLIC_LINK_ONLY,NEEDS_REVIEW,Use official Documentation tab; do not infer app-note applicability.
STMicroelectronics,STM32L1,STM32L1,family_page,STM32L1 official family page,https://www.st.com/en/microcontrollers-microprocessors/stm32l1-series.html,06_DATASHEETS/01_MICROCONTROLLERS/STMICRO_STM32/STM32L1,PUBLIC_LINK_ONLY,OFFICIAL_SOURCE_LINK,Official ST family landing page.
STMicroelectronics,STM32L1,STM32L1,datasheet_index,STM32L1 datasheet index via official family documentation,https://www.st.com/en/microcontrollers-microprocessors/stm32l1-series.html,06_DATASHEETS/01_MICROCONTROLLERS/STMICRO_STM32/STM32L1,PUBLIC_LINK_ONLY,NEEDS_REVIEW,Exact datasheet links must be selected per part/order code.
STMicroelectronics,STM32L1,STM32L1,reference_manual_index,STM32L1 reference manual index via official family documentation,https://www.st.com/en/microcontrollers-microprocessors/stm32l1-series.html,06_DATASHEETS/01_MICROCONTROLLERS/STMICRO_STM32/STM32L1,PUBLIC_LINK_ONLY,NEEDS_REVIEW,Exact reference manual links must be selected per subfamily/part.
STMicroelectronics,STM32L1,STM32L1,errata_index,STM32L1 errata index via official family documentation,https://www.st.com/en/microcontrollers-microprocessors/stm32l1-series.html,06_DATASHEETS/01_MICROCONTROLLERS/STMICRO_STM32/STM32L1,PUBLIC_LINK_ONLY,NEEDS_REVIEW,Exact errata sheet must be selected per part/subfamily.
STMicroelectronics,STM32L1,STM32L1,application_note_index,STM32L1 application notes via official family documentation,https://www.st.com/en/microcontrollers-microprocessors/stm32l1-series.html,06_DATASHEETS/01_MICROCONTROLLERS/STMICRO_STM32/STM32L1,PUBLIC_LINK_ONLY,NEEDS_REVIEW,Use official Documentation tab; do not infer app-note applicability.
STMicroelectronics,STM32L4,STM32L4,family_page,STM32L4 official family page,https://www.st.com/en/microcontrollers-microprocessors/stm32l4-series.html,06_DATASHEETS/01_MICROCONTROLLERS/STMICRO_STM32/STM32L4,PUBLIC_LINK_ONLY,OFFICIAL_SOURCE_LINK,Official ST family landing page.
STMicroelectronics,STM32L4,STM32L4,datasheet_index,STM32L4 datasheet index via official family documentation,https://www.st.com/en/microcontrollers-microprocessors/stm32l4-series.html,06_DATASHEETS/01_MICROCONTROLLERS/STMICRO_STM32/STM32L4,PUBLIC_LINK_ONLY,NEEDS_REVIEW,Exact datasheet links must be selected per part/order code.
STMicroelectronics,STM32L4,STM32L4,reference_manual_index,STM32L4 reference manual index via official family documentation,https://www.st.com/en/microcontrollers-microprocessors/stm32l4-series.html,06_DATASHEETS/01_MICROCONTROLLERS/STMICRO_STM32/STM32L4,PUBLIC_LINK_ONLY,NEEDS_REVIEW,Exact reference manual links must be selected per subfamily/part.
STMicroelectronics,STM32L4,STM32L4,errata_index,STM32L4 errata index via official family documentation,https://www.st.com/en/microcontrollers-microprocessors/stm32l4-series.html,06_DATASHEETS/01_MICROCONTROLLERS/STMICRO_STM32/STM32L4,PUBLIC_LINK_ONLY,NEEDS_REVIEW,Exact errata sheet must be selected per part/subfamily.
STMicroelectronics,STM32L4,STM32L4,application_note_index,STM32L4 application notes via official family documentation,https://www.st.com/en/microcontrollers-microprocessors/stm32l4-series.html,06_DATASHEETS/01_MICROCONTROLLERS/STMICRO_STM32/STM32L4,PUBLIC_LINK_ONLY,NEEDS_REVIEW,Use official Documentation tab; do not infer app-note applicability.
STMicroelectronics,STM32L5,STM32L5,family_page,STM32L5 official family page,https://www.st.com/en/microcontrollers-microprocessors/stm32l5-series.html,06_DATASHEETS/01_MICROCONTROLLERS/STMICRO_STM32/STM32L5,PUBLIC_LINK_ONLY,OFFICIAL_SOURCE_LINK,Official ST family landing page.
STMicroelectronics,STM32L5,STM32L5,datasheet_index,STM32L5 datasheet index via official family documentation,https://www.st.com/en/microcontrollers-microprocessors/stm32l5-series.html,06_DATASHEETS/01_MICROCONTROLLERS/STMICRO_STM32/STM32L5,PUBLIC_LINK_ONLY,NEEDS_REVIEW,Exact datasheet links must be selected per part/order code.
STMicroelectronics,STM32L5,STM32L5,reference_manual_index,STM32L5 reference manual index via official family documentation,https://www.st.com/en/microcontrollers-microprocessors/stm32l5-series.html,06_DATASHEETS/01_MICROCONTROLLERS/STMICRO_STM32/STM32L5,PUBLIC_LINK_ONLY,NEEDS_REVIEW,Exact reference manual links must be selected per subfamily/part.
STMicroelectronics,STM32L5,STM32L5,errata_index,STM32L5 errata index via official family documentation,https://www.st.com/en/microcontrollers-microprocessors/stm32l5-series.html,06_DATASHEETS/01_MICROCONTROLLERS/STMICRO_STM32/STM32L5,PUBLIC_LINK_ONLY,NEEDS_REVIEW,Exact errata sheet must be selected per part/subfamily.
STMicroelectronics,STM32L5,STM32L5,application_note_index,STM32L5 application notes via official family documentation,https://www.st.com/en/microcontrollers-microprocessors/stm32l5-series.html,06_DATASHEETS/01_MICROCONTROLLERS/STMICRO_STM32/STM32L5,PUBLIC_LINK_ONLY,NEEDS_REVIEW,Use official Documentation tab; do not infer app-note applicability.
STMicroelectronics,STM32U0,STM32U0,family_page,STM32U0 official family page,https://www.st.com/en/microcontrollers-microprocessors/stm32u0-series.html,06_DATASHEETS/01_MICROCONTROLLERS/STMICRO_STM32/STM32U0,PUBLIC_LINK_ONLY,OFFICIAL_SOURCE_LINK,Official ST family landing page.
STMicroelectronics,STM32U0,STM32U0,datasheet_index,STM32U0 datasheet index via official family documentation,https://www.st.com/en/microcontrollers-microprocessors/stm32u0-series.html,06_DATASHEETS/01_MICROCONTROLLERS/STMICRO_STM32/STM32U0,PUBLIC_LINK_ONLY,NEEDS_REVIEW,Exact datasheet links must be selected per part/order code.
STMicroelectronics,STM32U0,STM32U0,reference_manual_index,STM32U0 reference manual index via official family documentation,https://www.st.com/en/microcontrollers-microprocessors/stm32u0-series.html,06_DATASHEETS/01_MICROCONTROLLERS/STMICRO_STM32/STM32U0,PUBLIC_LINK_ONLY,NEEDS_REVIEW,Exact reference manual links must be selected per subfamily/part.
STMicroelectronics,STM32U0,STM32U0,errata_index,STM32U0 errata index via official family documentation,https://www.st.com/en/microcontrollers-microprocessors/stm32u0-series.html,06_DATASHEETS/01_MICROCONTROLLERS/STMICRO_STM32/STM32U0,PUBLIC_LINK_ONLY,NEEDS_REVIEW,Exact errata sheet must be selected per part/subfamily.
STMicroelectronics,STM32U0,STM32U0,application_note_index,STM32U0 application notes via official family documentation,https://www.st.com/en/microcontrollers-microprocessors/stm32u0-series.html,06_DATASHEETS/01_MICROCONTROLLERS/STMICRO_STM32/STM32U0,PUBLIC_LINK_ONLY,NEEDS_REVIEW,Use official Documentation tab; do not infer app-note applicability.
STMicroelectronics,STM32U5,STM32U5,family_page,STM32U5 official family page,https://www.st.com/en/microcontrollers-microprocessors/stm32u5-series.html,06_DATASHEETS/01_MICROCONTROLLERS/STMICRO_STM32/STM32U5,PUBLIC_LINK_ONLY,OFFICIAL_SOURCE_LINK,Official ST family landing page.
STMicroelectronics,STM32U5,STM32U5,datasheet_index,STM32U5 datasheet index via official family documentation,https://www.st.com/en/microcontrollers-microprocessors/stm32u5-series.html,06_DATASHEETS/01_MICROCONTROLLERS/STMICRO_STM32/STM32U5,PUBLIC_LINK_ONLY,NEEDS_REVIEW,Exact datasheet links must be selected per part/order code.
STMicroelectronics,STM32U5,STM32U5,reference_manual_index,STM32U5 reference manual index via official family documentation,https://www.st.com/en/microcontrollers-microprocessors/stm32u5-series.html,06_DATASHEETS/01_MICROCONTROLLERS/STMICRO_STM32/STM32U5,PUBLIC_LINK_ONLY,NEEDS_REVIEW,Exact reference manual links must be selected per subfamily/part.
STMicroelectronics,STM32U5,STM32U5,errata_index,STM32U5 errata index via official family documentation,https://www.st.com/en/microcontrollers-microprocessors/stm32u5-series.html,06_DATASHEETS/01_MICROCONTROLLERS/STMICRO_STM32/STM32U5,PUBLIC_LINK_ONLY,NEEDS_REVIEW,Exact errata sheet must be selected per part/subfamily.
STMicroelectronics,STM32U5,STM32U5,application_note_index,STM32U5 application notes via official family documentation,https://www.st.com/en/microcontrollers-microprocessors/stm32u5-series.html,06_DATASHEETS/01_MICROCONTROLLERS/STMICRO_STM32/STM32U5,PUBLIC_LINK_ONLY,NEEDS_REVIEW,Use official Documentation tab; do not infer app-note applicability.
STMicroelectronics,STM32WB,STM32WB,family_page,STM32WB official family page,https://www.st.com/en/microcontrollers-microprocessors/stm32wb-series.html,06_DATASHEETS/01_MICROCONTROLLERS/STMICRO_STM32/STM32WB,PUBLIC_LINK_ONLY,OFFICIAL_SOURCE_LINK,Official ST family landing page.
STMicroelectronics,STM32WB,STM32WB,datasheet_index,STM32WB datasheet index via official family documentation,https://www.st.com/en/microcontrollers-microprocessors/stm32wb-series.html,06_DATASHEETS/01_MICROCONTROLLERS/STMICRO_STM32/STM32WB,PUBLIC_LINK_ONLY,NEEDS_REVIEW,Exact datasheet links must be selected per part/order code.
STMicroelectronics,STM32WB,STM32WB,reference_manual_index,STM32WB reference manual index via official family documentation,https://www.st.com/en/microcontrollers-microprocessors/stm32wb-series.html,06_DATASHEETS/01_MICROCONTROLLERS/STMICRO_STM32/STM32WB,PUBLIC_LINK_ONLY,NEEDS_REVIEW,Exact reference manual links must be selected per subfamily/part.
STMicroelectronics,STM32WB,STM32WB,errata_index,STM32WB errata index via official family documentation,https://www.st.com/en/microcontrollers-microprocessors/stm32wb-series.html,06_DATASHEETS/01_MICROCONTROLLERS/STMICRO_STM32/STM32WB,PUBLIC_LINK_ONLY,NEEDS_REVIEW,Exact errata sheet must be selected per part/subfamily.
STMicroelectronics,STM32WB,STM32WB,application_note_index,STM32WB application notes via official family documentation,https://www.st.com/en/microcontrollers-microprocessors/stm32wb-series.html,06_DATASHEETS/01_MICROCONTROLLERS/STMICRO_STM32/STM32WB,PUBLIC_LINK_ONLY,NEEDS_REVIEW,Use official Documentation tab; do not infer app-note applicability.
STMicroelectronics,STM32WL,STM32WL,family_page,STM32WL official family page,https://www.st.com/en/microcontrollers-microprocessors/stm32wl-series.html,06_DATASHEETS/01_MICROCONTROLLERS/STMICRO_STM32/STM32WL,PUBLIC_LINK_ONLY,OFFICIAL_SOURCE_LINK,Official ST family landing page.
STMicroelectronics,STM32WL,STM32WL,datasheet_index,STM32WL datasheet index via official family documentation,https://www.st.com/en/microcontrollers-microprocessors/stm32wl-series.html,06_DATASHEETS/01_MICROCONTROLLERS/STMICRO_STM32/STM32WL,PUBLIC_LINK_ONLY,NEEDS_REVIEW,Exact datasheet links must be selected per part/order code.
STMicroelectronics,STM32WL,STM32WL,reference_manual_index,STM32WL reference manual index via official family documentation,https://www.st.com/en/microcontrollers-microprocessors/stm32wl-series.html,06_DATASHEETS/01_MICROCONTROLLERS/STMICRO_STM32/STM32WL,PUBLIC_LINK_ONLY,NEEDS_REVIEW,Exact reference manual links must be selected per subfamily/part.
STMicroelectronics,STM32WL,STM32WL,errata_index,STM32WL errata index via official family documentation,https://www.st.com/en/microcontrollers-microprocessors/stm32wl-series.html,06_DATASHEETS/01_MICROCONTROLLERS/STMICRO_STM32/STM32WL,PUBLIC_LINK_ONLY,NEEDS_REVIEW,Exact errata sheet must be selected per part/subfamily.
STMicroelectronics,STM32WL,STM32WL,application_note_index,STM32WL application notes via official family documentation,https://www.st.com/en/microcontrollers-microprocessors/stm32wl-series.html,06_DATASHEETS/01_MICROCONTROLLERS/STMICRO_STM32/STM32WL,PUBLIC_LINK_ONLY,NEEDS_REVIEW,Use official Documentation tab; do not infer app-note applicability.
STMicroelectronics,STM32MP,STM32MP,family_page,STM32MP official family page,https://www.st.com/en/microcontrollers-microprocessors/stm32mp1-series.html,06_DATASHEETS/01_MICROCONTROLLERS/STMICRO_STM32/STM32MP,PUBLIC_LINK_ONLY,OFFICIAL_SOURCE_LINK,Official ST family landing page.
STMicroelectronics,STM32MP,STM32MP,datasheet_index,STM32MP datasheet index via official family documentation,https://www.st.com/en/microcontrollers-microprocessors/stm32mp1-series.html,06_DATASHEETS/01_MICROCONTROLLERS/STMICRO_STM32/STM32MP,PUBLIC_LINK_ONLY,NEEDS_REVIEW,Exact datasheet links must be selected per part/order code.
STMicroelectronics,STM32MP,STM32MP,reference_manual_index,STM32MP reference manual index via official family documentation,https://www.st.com/en/microcontrollers-microprocessors/stm32mp1-series.html,06_DATASHEETS/01_MICROCONTROLLERS/STMICRO_STM32/STM32MP,PUBLIC_LINK_ONLY,NEEDS_REVIEW,Exact reference manual links must be selected per subfamily/part.
STMicroelectronics,STM32MP,STM32MP,errata_index,STM32MP errata index via official family documentation,https://www.st.com/en/microcontrollers-microprocessors/stm32mp1-series.html,06_DATASHEETS/01_MICROCONTROLLERS/STMICRO_STM32/STM32MP,PUBLIC_LINK_ONLY,NEEDS_REVIEW,Exact errata sheet must be selected per part/subfamily.
STMicroelectronics,STM32MP,STM32MP,application_note_index,STM32MP application notes via official family documentation,https://www.st.com/en/microcontrollers-microprocessors/stm32mp1-series.html,06_DATASHEETS/01_MICROCONTROLLERS/STMICRO_STM32/STM32MP,PUBLIC_LINK_ONLY,NEEDS_REVIEW,Use official Documentation tab; do not infer app-note applicability.
STMicroelectronics,STM32MP,STM32MP_SECONDARY,family_page,STM32MP secondary official family page,https://www.st.com/en/microcontrollers-microprocessors/stm32mp2-series.html,06_DATASHEETS/01_MICROCONTROLLERS/STMICRO_STM32/STM32MP,PUBLIC_LINK_ONLY,OFFICIAL_SOURCE_LINK,Secondary official STM32MP family page.
STMicroelectronics,STM32F1,STM32F103C8,datasheet,STM32F103C8 datasheet,https://www.st.com/resource/en/datasheet/stm32f103c8.pdf,06_DATASHEETS/01_MICROCONTROLLERS/STMICRO_STM32/STM32F1,LINK_ONLY_DO_NOT_BUNDLE_PDF,OFFICIAL_SOURCE_LINK,Official ST datasheet URL from existing repo STM32 master index. Link-only; do not bundle PDF.
STMicroelectronics,STM32F4,STM32F401CC,datasheet,STM32F401CC datasheet,https://www.st.com/resource/en/datasheet/stm32f401cc.pdf,06_DATASHEETS/01_MICROCONTROLLERS/STMICRO_STM32/STM32F4,LINK_ONLY_DO_NOT_BUNDLE_PDF,OFFICIAL_SOURCE_LINK,Official ST datasheet URL from existing repo STM32 master index. Link-only; do not bundle PDF.
STMicroelectronics,STM32F4,STM32F411CE,datasheet,STM32F411CE datasheet,https://www.st.com/resource/en/datasheet/stm32f411ce.pdf,06_DATASHEETS/01_MICROCONTROLLERS/STMICRO_STM32/STM32F4,LINK_ONLY_DO_NOT_BUNDLE_PDF,OFFICIAL_SOURCE_LINK,Official ST datasheet URL from existing repo STM32 master index. Link-only; do not bundle PDF.
STMicroelectronics,STM32F4,STM32F405RG,datasheet,STM32F405RG datasheet,https://www.st.com/resource/en/datasheet/stm32f405rg.pdf,06_DATASHEETS/01_MICROCONTROLLERS/STMICRO_STM32/STM32F4,LINK_ONLY_DO_NOT_BUNDLE_PDF,OFFICIAL_SOURCE_LINK,Official ST datasheet URL from existing repo STM32 master index. Link-only; do not bundle PDF.
STMicroelectronics,STM32G0,STM32G030F6,datasheet,STM32G030F6 datasheet,https://www.st.com/resource/en/datasheet/stm32g030f6.pdf,06_DATASHEETS/01_MICROCONTROLLERS/STMICRO_STM32/STM32G0,LINK_ONLY_DO_NOT_BUNDLE_PDF,OFFICIAL_SOURCE_LINK,Official ST datasheet URL from existing repo STM32 master index. Link-only; do not bundle PDF.
STMicroelectronics,STM32G4,STM32G431CB,datasheet,STM32G431CB datasheet,https://www.st.com/resource/en/datasheet/stm32g431cb.pdf,06_DATASHEETS/01_MICROCONTROLLERS/STMICRO_STM32/STM32G4,LINK_ONLY_DO_NOT_BUNDLE_PDF,OFFICIAL_SOURCE_LINK,Official ST datasheet URL from existing repo STM32 master index. Link-only; do not bundle PDF.
STMicroelectronics,STM32H7,STM32H743VI,datasheet,STM32H743VI datasheet,https://www.st.com/resource/en/datasheet/stm32h743vi.pdf,06_DATASHEETS/01_MICROCONTROLLERS/STMICRO_STM32/STM32H7,LINK_ONLY_DO_NOT_BUNDLE_PDF,OFFICIAL_SOURCE_LINK,Official ST datasheet URL from existing repo STM32 master index. Link-only; do not bundle PDF.
STMicroelectronics,STM32U5,STM32U575ZI,datasheet,STM32U575ZI datasheet,https://www.st.com/resource/en/datasheet/stm32u575zi.pdf,06_DATASHEETS/01_MICROCONTROLLERS/STMICRO_STM32/STM32U5,LINK_ONLY_DO_NOT_BUNDLE_PDF,OFFICIAL_SOURCE_LINK,Official ST datasheet URL from existing repo STM32 master index. Link-only; do not bundle PDF.
STMicroelectronics,STM32WB,STM32WB55RG,datasheet,STM32WB55RG datasheet,https://www.st.com/resource/en/datasheet/stm32wb55rg.pdf,06_DATASHEETS/01_MICROCONTROLLERS/STMICRO_STM32/STM32WB,LINK_ONLY_DO_NOT_BUNDLE_PDF,OFFICIAL_SOURCE_LINK,Official ST datasheet URL from existing repo STM32 master index. Link-only; do not bundle PDF.
